k_number,pdf_url,pdf_path,text_path,status,error
K003301,https://www.accessdata.fda.gov/cdrh_docs/pdf00/K003301.pdf,/Users/winko/Library/Mobile Documents/com~apple~CloudDocs/Research/Policy/data/pdfs/K003301.pdf,/Users/winko/Library/Mobile Documents/com~apple~CloudDocs/Research/Policy/data/raw_text/K003301.txt,failed,No PDF link found on PMN page.
K033840,https://www.accessdata.fda.gov/cdrh_docs/pdf3/K033840.pdf,/Users/winko/Library/Mobile Documents/com~apple~CloudDocs/Research/Policy/data/pdfs/K033840.pdf,/Users/winko/Library/Mobile Documents/com~apple~CloudDocs/Research/Policy/data/raw_text/K033840.txt,ok,
K043341,https://www.accessdata.fda.gov/cdrh_docs/pdf4/K043341.pdf,/Users/winko/Library/Mobile Documents/com~apple~CloudDocs/Research/Policy/data/pdfs/K043341.pdf,/Users/winko/Library/Mobile Documents/com~apple~CloudDocs/Research/Policy/data/raw_text/K043341.txt,ok,
K080595,https://www.accessdata.fda.gov/cdrh_docs/pdf8/K080595.pdf,/Users/winko/Library/Mobile Documents/com~apple~CloudDocs/Research/Policy/data/pdfs/K080595.pdf,/Users/winko/Library/Mobile Documents/com~apple~CloudDocs/Research/Policy/data/raw_text/K080595.txt,ok,
K080762,https://www.accessdata.fda.gov/cdrh_docs/pdf8/K080762.pdf,/Users/winko/Library/Mobile Documents/com~apple~CloudDocs/Research/Policy/data/pdfs/K080762.pdf,/Users/winko/Library/Mobile Documents/com~apple~CloudDocs/Research/Policy/data/raw_text/K080762.txt,ok,
K080896,https://www.accessdata.fda.gov/cdrh_docs/pdf8/K080896.pdf,/Users/winko/Library/Mobile Documents/com~apple~CloudDocs/Research/Policy/data/pdfs/K080896.pdf,/Users/winko/Library/Mobile Documents/com~apple~CloudDocs/Research/Policy/data/raw_text/K080896.txt,ok,
K081140,https://www.accessdata.fda.gov/cdrh_docs/pdf8/K081140.pdf,/Users/winko/Library/Mobile Documents/com~apple~CloudDocs/Research/Policy/data/pdfs/K081140.pdf,/Users/winko/Library/Mobile Documents/com~apple~CloudDocs/Research/Policy/data/raw_text/K081140.txt,ok,
K082483,https://www.accessdata.fda.gov/cdrh_docs/pdf8/K082483.pdf,/Users/winko/Library/Mobile Documents/com~apple~CloudDocs/Research/Policy/data/pdfs/K082483.pdf,/Users/winko/Library/Mobile Documents/com~apple~CloudDocs/Research/Policy/data/raw_text/K082483.txt,ok,
K092116,https://www.accessdata.fda.gov/cdrh_docs/pdf9/K092116.pdf,/Users/winko/Library/Mobile Documents/com~apple~CloudDocs/Research/Policy/data/pdfs/K092116.pdf,/Users/winko/Library/Mobile Documents/com~apple~CloudDocs/Research/Policy/data/raw_text/K092116.txt,ok,
K092967,https://www.accessdata.fda.gov/cdrh_docs/pdf9/K092967.pdf,/Users/winko/Library/Mobile Documents/com~apple~CloudDocs/Research/Policy/data/pdfs/K092967.pdf,/Users/winko/Library/Mobile Documents/com~apple~CloudDocs/Research/Policy/data/raw_text/K092967.txt,ok,
K233662,https://www.accessdata.fda.gov/cdrh_docs/pdf23/K233662.pdf,/Users/winko/Library/Mobile Documents/com~apple~CloudDocs/Research/Policy/data/pdfs/K233662.pdf,/Users/winko/Library/Mobile Documents/com~apple~CloudDocs/Research/Policy/data/raw_text/K233662.txt,failed,No /Root object! - Is this really a PDF?
K955841,https://www.accessdata.fda.gov/cdrh_docs/pdf95/K955841.pdf,/Users/winko/Library/Mobile Documents/com~apple~CloudDocs/Research/Policy/data/pdfs/K955841.pdf,/Users/winko/Library/Mobile Documents/com~apple~CloudDocs/Research/Policy/data/raw_text/K955841.txt,failed,No PDF link found on PMN page.
K003301,https://www.accessdata.fda.gov/cdrh_docs/pdf00/K003301.pdf,/Users/winko/Library/Mobile Documents/com~apple~CloudDocs/Research/Policy/data/pdfs/K003301.pdf,/Users/winko/Library/Mobile Documents/com~apple~CloudDocs/Research/Policy/data/raw_text/K003301.txt,failed,fetch_summary_pdf_url_from_pmn() got an unexpected keyword argument 'k_number'
K233662,https://www.accessdata.fda.gov/cdrh_docs/pdf23/K233662.pdf,/Users/winko/Library/Mobile Documents/com~apple~CloudDocs/Research/Policy/data/pdfs/K233662.pdf,/Users/winko/Library/Mobile Documents/com~apple~CloudDocs/Research/Policy/data/raw_text/K233662.txt,failed,fetch_summary_pdf_url_from_pmn() got an unexpected keyword argument 'k_number'
K955841,https://www.accessdata.fda.gov/cdrh_docs/pdf95/K955841.pdf,/Users/winko/Library/Mobile Documents/com~apple~CloudDocs/Research/Policy/data/pdfs/K955841.pdf,/Users/winko/Library/Mobile Documents/com~apple~CloudDocs/Research/Policy/data/raw_text/K955841.txt,failed,fetch_summary_pdf_url_from_pmn() got an unexpected keyword argument 'k_number'
P000041,https://www.accessdata.fda.gov/cdrh_docs/pdf00/P000041.pdf,/Users/winko/Library/Mobile Documents/com~apple~CloudDocs/Research/Policy/data/pdfs/P000041.pdf,/Users/winko/Library/Mobile Documents/com~apple~CloudDocs/Research/Policy/data/raw_text/P000041.txt,failed,fetch_summary_pdf_url_from_pmn() got an unexpected keyword argument 'k_number'
P010034,https://www.accessdata.fda.gov/cdrh_docs/pdf01/P010034.pdf,/Users/winko/Library/Mobile Documents/com~apple~CloudDocs/Research/Policy/data/pdfs/P010034.pdf,/Users/winko/Library/Mobile Documents/com~apple~CloudDocs/Research/Policy/data/raw_text/P010034.txt,failed,fetch_summary_pdf_url_from_pmn() got an unexpected keyword argument 'k_number'
P040028,https://www.accessdata.fda.gov/cdrh_docs/pdf04/P040028.pdf,/Users/winko/Library/Mobile Documents/com~apple~CloudDocs/Research/Policy/data/pdfs/P040028.pdf,/Users/winko/Library/Mobile Documents/com~apple~CloudDocs/Research/Policy/data/raw_text/P040028.txt,failed,fetch_summary_pdf_url_from_pmn() got an unexpected keyword argument 'k_number'
P090012,https://www.accessdata.fda.gov/cdrh_docs/pdf09/P090012.pdf,/Users/winko/Library/Mobile Documents/com~apple~CloudDocs/Research/Policy/data/pdfs/P090012.pdf,/Users/winko/Library/Mobile Documents/com~apple~CloudDocs/Research/Policy/data/raw_text/P090012.txt,failed,fetch_summary_pdf_url_from_pmn() got an unexpected keyword argument 'k_number'
P110014,https://www.accessdata.fda.gov/cdrh_docs/pdf11/P110014.pdf,/Users/winko/Library/Mobile Documents/com~apple~CloudDocs/Research/Policy/data/pdfs/P110014.pdf,/Users/winko/Library/Mobile Documents/com~apple~CloudDocs/Research/Policy/data/raw_text/P110014.txt,failed,fetch_summary_pdf_url_from_pmn() got an unexpected keyword argument 'k_number'
P140011/S008,https://www.accessdata.fda.gov/cdrh_docs/pdf14/P140011.pdf,/Users/winko/Library/Mobile Documents/com~apple~CloudDocs/Research/Policy/data/pdfs/P140011_S008.pdf,/Users/winko/Library/Mobile Documents/com~apple~CloudDocs/Research/Policy/data/raw_text/P140011_S008.txt,failed,fetch_summary_pdf_url_from_pmn() got an unexpected keyword argument 'k_number'
P150043,https://www.accessdata.fda.gov/cdrh_docs/pdf15/P150043.pdf,/Users/winko/Library/Mobile Documents/com~apple~CloudDocs/Research/Policy/data/pdfs/P150043.pdf,/Users/winko/Library/Mobile Documents/com~apple~CloudDocs/Research/Policy/data/raw_text/P150043.txt,failed,fetch_summary_pdf_url_from_pmn() got an unexpected keyword argument 'k_number'
P150046,https://www.accessdata.fda.gov/cdrh_docs/pdf15/P150046.pdf,/Users/winko/Library/Mobile Documents/com~apple~CloudDocs/Research/Policy/data/pdfs/P150046.pdf,/Users/winko/Library/Mobile Documents/com~apple~CloudDocs/Research/Policy/data/raw_text/P150046.txt,failed,fetch_summary_pdf_url_from_pmn() got an unexpected keyword argument 'k_number'
P160009,https://www.accessdata.fda.gov/cdrh_docs/pdf16/P160009.pdf,/Users/winko/Library/Mobile Documents/com~apple~CloudDocs/Research/Policy/data/pdfs/P160009.pdf,/Users/winko/Library/Mobile Documents/com~apple~CloudDocs/Research/Policy/data/raw_text/P160009.txt,failed,fetch_summary_pdf_url_from_pmn() got an unexpected keyword argument 'k_number'
P200003,https://www.accessdata.fda.gov/cdrh_docs/pdf20/P200003.pdf,/Users/winko/Library/Mobile Documents/com~apple~CloudDocs/Research/Policy/data/pdfs/P200003.pdf,/Users/winko/Library/Mobile Documents/com~apple~CloudDocs/Research/Policy/data/raw_text/P200003.txt,failed,fetch_summary_pdf_url_from_pmn() got an unexpected keyword argument 'k_number'
P210011,https://www.accessdata.fda.gov/cdrh_docs/pdf21/P210011.pdf,/Users/winko/Library/Mobile Documents/com~apple~CloudDocs/Research/Policy/data/pdfs/P210011.pdf,/Users/winko/Library/Mobile Documents/com~apple~CloudDocs/Research/Policy/data/raw_text/P210011.txt,failed,fetch_summary_pdf_url_from_pmn() got an unexpected keyword argument 'k_number'
P210015,https://www.accessdata.fda.gov/cdrh_docs/pdf21/P210015.pdf,/Users/winko/Library/Mobile Documents/com~apple~CloudDocs/Research/Policy/data/pdfs/P210015.pdf,/Users/winko/Library/Mobile Documents/com~apple~CloudDocs/Research/Policy/data/raw_text/P210015.txt,failed,fetch_summary_pdf_url_from_pmn() got an unexpected keyword argument 'k_number'
P230022,https://www.accessdata.fda.gov/cdrh_docs/pdf23/P230022.pdf,/Users/winko/Library/Mobile Documents/com~apple~CloudDocs/Research/Policy/data/pdfs/P230022.pdf,/Users/winko/Library/Mobile Documents/com~apple~CloudDocs/Research/Policy/data/raw_text/P230022.txt,failed,fetch_summary_pdf_url_from_pmn() got an unexpected keyword argument 'k_number'
P940029,https://www.accessdata.fda.gov/cdrh_docs/pdf94/P940029.pdf,/Users/winko/Library/Mobile Documents/com~apple~CloudDocs/Research/Policy/data/pdfs/P940029.pdf,/Users/winko/Library/Mobile Documents/com~apple~CloudDocs/Research/Policy/data/raw_text/P940029.txt,failed,fetch_summary_pdf_url_from_pmn() got an unexpected keyword argument 'k_number'
P950009,https://www.accessdata.fda.gov/cdrh_docs/pdf95/P950009.pdf,/Users/winko/Library/Mobile Documents/com~apple~CloudDocs/Research/Policy/data/pdfs/P950009.pdf,/Users/winko/Library/Mobile Documents/com~apple~CloudDocs/Research/Policy/data/raw_text/P950009.txt,failed,fetch_summary_pdf_url_from_pmn() got an unexpected keyword argument 'k_number'
P970058,https://www.accessdata.fda.gov/cdrh_docs/pdf97/P970058.pdf,/Users/winko/Library/Mobile Documents/com~apple~CloudDocs/Research/Policy/data/pdfs/P970058.pdf,/Users/winko/Library/Mobile Documents/com~apple~CloudDocs/Research/Policy/data/raw_text/P970058.txt,failed,fetch_summary_pdf_url_from_pmn() got an unexpected keyword argument 'k_number'
P980025,https://www.accessdata.fda.gov/cdrh_docs/pdf98/P980025.pdf,/Users/winko/Library/Mobile Documents/com~apple~CloudDocs/Research/Policy/data/pdfs/P980025.pdf,/Users/winko/Library/Mobile Documents/com~apple~CloudDocs/Research/Policy/data/raw_text/P980025.txt,failed,fetch_summary_pdf_url_from_pmn() got an unexpected keyword argument 'k_number'
K003301,https://www.accessdata.fda.gov/cdrh_docs/pdf/K003301.pdf,/Users/winko/Library/Mobile Documents/com~apple~CloudDocs/Research/Policy/data/pdfs/K003301.pdf,/Users/winko/Library/Mobile Documents/com~apple~CloudDocs/Research/Policy/data/raw_text/K003301.txt,ok,
K233662,https://www.accessdata.fda.gov/cdrh_docs/pdf23/K233662.pdf,/Users/winko/Library/Mobile Documents/com~apple~CloudDocs/Research/Policy/data/pdfs/K233662.pdf,/Users/winko/Library/Mobile Documents/com~apple~CloudDocs/Research/Policy/data/raw_text/K233662.txt,failed,Downloaded content is not a valid PDF binary.
K955841,https://www.accessdata.fda.gov/cdrh_docs/pdf/K955841.pdf,/Users/winko/Library/Mobile Documents/com~apple~CloudDocs/Research/Policy/data/pdfs/K955841.pdf,/Users/winko/Library/Mobile Documents/com~apple~CloudDocs/Research/Policy/data/raw_text/K955841.txt,ok,
P000041,https://www.accessdata.fda.gov/cdrh_docs/pdf/P000041A.pdf,/Users/winko/Library/Mobile Documents/com~apple~CloudDocs/Research/Policy/data/pdfs/P000041.pdf,/Users/winko/Library/Mobile Documents/com~apple~CloudDocs/Research/Policy/data/raw_text/P000041.txt,ok,
P010034,https://www.accessdata.fda.gov/cdrh_docs/pdf/P010034A.pdf,/Users/winko/Library/Mobile Documents/com~apple~CloudDocs/Research/Policy/data/pdfs/P010034.pdf,/Users/winko/Library/Mobile Documents/com~apple~CloudDocs/Research/Policy/data/raw_text/P010034.txt,ok,
P040028,https://www.accessdata.fda.gov/cdrh_docs/pdf4/P040028A.pdf,/Users/winko/Library/Mobile Documents/com~apple~CloudDocs/Research/Policy/data/pdfs/P040028.pdf,/Users/winko/Library/Mobile Documents/com~apple~CloudDocs/Research/Policy/data/raw_text/P040028.txt,ok,
P090012,https://www.accessdata.fda.gov/cdrh_docs/pdf9/P090012A.pdf,/Users/winko/Library/Mobile Documents/com~apple~CloudDocs/Research/Policy/data/pdfs/P090012.pdf,/Users/winko/Library/Mobile Documents/com~apple~CloudDocs/Research/Policy/data/raw_text/P090012.txt,ok,
P110014,https://www.accessdata.fda.gov/cdrh_docs/pdf11/P110014A.pdf,/Users/winko/Library/Mobile Documents/com~apple~CloudDocs/Research/Policy/data/pdfs/P110014.pdf,/Users/winko/Library/Mobile Documents/com~apple~CloudDocs/Research/Policy/data/raw_text/P110014.txt,ok,
P140011/S008,https://www.accessdata.fda.gov/cdrh_docs/pdf14/P140011A.pdf,/Users/winko/Library/Mobile Documents/com~apple~CloudDocs/Research/Policy/data/pdfs/P140011_S008.pdf,/Users/winko/Library/Mobile Documents/com~apple~CloudDocs/Research/Policy/data/raw_text/P140011_S008.txt,ok,
P150043,https://www.accessdata.fda.gov/cdrh_docs/pdf15/P150043A.pdf,/Users/winko/Library/Mobile Documents/com~apple~CloudDocs/Research/Policy/data/pdfs/P150043.pdf,/Users/winko/Library/Mobile Documents/com~apple~CloudDocs/Research/Policy/data/raw_text/P150043.txt,ok,
P150046,https://www.accessdata.fda.gov/cdrh_docs/pdf15/P150046A.pdf,/Users/winko/Library/Mobile Documents/com~apple~CloudDocs/Research/Policy/data/pdfs/P150046.pdf,/Users/winko/Library/Mobile Documents/com~apple~CloudDocs/Research/Policy/data/raw_text/P150046.txt,ok,
P160009,https://www.accessdata.fda.gov/cdrh_docs/pdf16/P160009A.pdf,/Users/winko/Library/Mobile Documents/com~apple~CloudDocs/Research/Policy/data/pdfs/P160009.pdf,/Users/winko/Library/Mobile Documents/com~apple~CloudDocs/Research/Policy/data/raw_text/P160009.txt,ok,
P200003,https://www.accessdata.fda.gov/cdrh_docs/pdf20/P200003A.pdf,/Users/winko/Library/Mobile Documents/com~apple~CloudDocs/Research/Policy/data/pdfs/P200003.pdf,/Users/winko/Library/Mobile Documents/com~apple~CloudDocs/Research/Policy/data/raw_text/P200003.txt,ok,
P210011,https://www.accessdata.fda.gov/cdrh_docs/pdf21/P210011A.pdf,/Users/winko/Library/Mobile Documents/com~apple~CloudDocs/Research/Policy/data/pdfs/P210011.pdf,/Users/winko/Library/Mobile Documents/com~apple~CloudDocs/Research/Policy/data/raw_text/P210011.txt,ok,
P210015,https://www.accessdata.fda.gov/cdrh_docs/pdf21/P210015A.pdf,/Users/winko/Library/Mobile Documents/com~apple~CloudDocs/Research/Policy/data/pdfs/P210015.pdf,/Users/winko/Library/Mobile Documents/com~apple~CloudDocs/Research/Policy/data/raw_text/P210015.txt,ok,
P230022,https://www.accessdata.fda.gov/cdrh_docs/pdf23/P230022A.pdf,/Users/winko/Library/Mobile Documents/com~apple~CloudDocs/Research/Policy/data/pdfs/P230022.pdf,/Users/winko/Library/Mobile Documents/com~apple~CloudDocs/Research/Policy/data/raw_text/P230022.txt,ok,
P940029,https://www.accessdata.fda.gov/cdrh_docs/pdf94/P940029.pdf,/Users/winko/Library/Mobile Documents/com~apple~CloudDocs/Research/Policy/data/pdfs/P940029.pdf,/Users/winko/Library/Mobile Documents/com~apple~CloudDocs/Research/Policy/data/raw_text/P940029.txt,failed,No PDF link found on PMN page.
P950009,https://www.accessdata.fda.gov/cdrh_docs/pdf95/P950009.pdf,/Users/winko/Library/Mobile Documents/com~apple~CloudDocs/Research/Policy/data/pdfs/P950009.pdf,/Users/winko/Library/Mobile Documents/com~apple~CloudDocs/Research/Policy/data/raw_text/P950009.txt,failed,No PDF link found on PMN page.
P970058,https://www.accessdata.fda.gov/cdrh_docs/pdf97/P970058.pdf,/Users/winko/Library/Mobile Documents/com~apple~CloudDocs/Research/Policy/data/pdfs/P970058.pdf,/Users/winko/Library/Mobile Documents/com~apple~CloudDocs/Research/Policy/data/raw_text/P970058.txt,failed,No PDF link found on PMN page.
P980025,https://www.accessdata.fda.gov/cdrh_docs/pdf98/P980025.pdf,/Users/winko/Library/Mobile Documents/com~apple~CloudDocs/Research/Policy/data/pdfs/P980025.pdf,/Users/winko/Library/Mobile Documents/com~apple~CloudDocs/Research/Policy/data/raw_text/P980025.txt,failed,No PDF link found on PMN page.
K233662,https://www.accessdata.fda.gov/cdrh_docs/pdf23/K233662.pdf,/Users/winko/Library/Mobile Documents/com~apple~CloudDocs/Research/Policy/data/pdfs/K233662.pdf,/Users/winko/Library/Mobile Documents/com~apple~CloudDocs/Research/Policy/data/raw_text/K233662.txt,failed,Downloaded content is not a valid PDF binary.
P940029,https://www.accessdata.fda.gov/cdrh_docs/pdf94/P940029.pdf,/Users/winko/Library/Mobile Documents/com~apple~CloudDocs/Research/Policy/data/pdfs/P940029.pdf,/Users/winko/Library/Mobile Documents/com~apple~CloudDocs/Research/Policy/data/raw_text/P940029.txt,failed,No PDF link found on PMN page.
P950009,https://www.accessdata.fda.gov/cdrh_docs/pdf95/P950009.pdf,/Users/winko/Library/Mobile Documents/com~apple~CloudDocs/Research/Policy/data/pdfs/P950009.pdf,/Users/winko/Library/Mobile Documents/com~apple~CloudDocs/Research/Policy/data/raw_text/P950009.txt,failed,No PDF link found on PMN page.
P970058,https://www.accessdata.fda.gov/cdrh_docs/pdf97/P970058.pdf,/Users/winko/Library/Mobile Documents/com~apple~CloudDocs/Research/Policy/data/pdfs/P970058.pdf,/Users/winko/Library/Mobile Documents/com~apple~CloudDocs/Research/Policy/data/raw_text/P970058.txt,failed,No PDF link found on PMN page.
P980025,https://www.accessdata.fda.gov/cdrh_docs/pdf98/P980025.pdf,/Users/winko/Library/Mobile Documents/com~apple~CloudDocs/Research/Policy/data/pdfs/P980025.pdf,/Users/winko/Library/Mobile Documents/com~apple~CloudDocs/Research/Policy/data/raw_text/P980025.txt,failed,No PDF link found on PMN page.
