device_id,sponsor_applicant,fda_regulator,clinician_hcp,device_algorithm,dominant_agency,metric_mentions,has_clinician_aid
K003301,1,8,0,5,fda_regulator,6,False
K033840,1,9,0,10,device_algorithm,10,False
K043341,2,10,4,3,fda_regulator,10,True
K080595,1,9,0,7,fda_regulator,1,False
K080762,2,10,2,4,fda_regulator,0,False
K080896,0,9,3,4,fda_regulator,3,False
K081140,1,9,8,3,fda_regulator,0,True
K082483,0,12,0,6,fda_regulator,0,False
K092116,1,5,0,8,device_algorithm,10,False
K092967,0,21,5,6,fda_regulator,8,False
K102778,1,6,0,6,fda_regulator,5,False
K111776,1,11,7,3,fda_regulator,5,False
K120161,1,9,0,14,device_algorithm,0,False
K120489,0,11,3,6,fda_regulator,1,False
K120771,0,10,0,4,fda_regulator,0,False
K121617,1,14,4,4,fda_regulator,2,False
K123526,1,10,1,4,fda_regulator,1,False
K130831,3,0,0,1,sponsor_applicant,3,False
K131044,1,13,8,7,fda_regulator,2,False
K133259,1,6,1,7,device_algorithm,0,False
K133649,2,9,0,3,fda_regulator,0,False
K141069,4,14,3,4,fda_regulator,0,True
K141480,2,16,7,10,fda_regulator,0,True
K141922,2,15,3,5,fda_regulator,0,False
K142037,1,15,0,5,fda_regulator,1,False
K142512,2,16,3,7,fda_regulator,0,False
K142918,2,14,10,7,fda_regulator,0,False
K143643,2,15,2,7,fda_regulator,0,False
K150102,1,14,0,4,fda_regulator,0,False
K150817,3,15,0,5,fda_regulator,3,False
K152733,4,14,7,12,fda_regulator,57,True
K153351,3,13,0,3,fda_regulator,2,False
K153427,2,15,3,8,fda_regulator,1,False
K160016,4,14,3,5,fda_regulator,0,False
K160088,7,19,0,8,fda_regulator,3,False
K160338,3,13,0,14,device_algorithm,0,False
K160401,2,14,11,3,fda_regulator,0,False
K161068,2,15,1,10,fda_regulator,7,False
K161148,4,13,0,5,fda_regulator,2,False
K161201,2,13,4,5,fda_regulator,2,False
K161322,3,13,2,4,fda_regulator,13,False
K161382,3,13,4,3,fda_regulator,18,True
K161625,2,16,1,7,fda_regulator,0,False
K161772,4,13,6,8,fda_regulator,17,True
K161834,2,15,0,4,fda_regulator,0,False
K161959,5,14,7,11,fda_regulator,1,False
K162830,2,12,0,8,fda_regulator,0,False
K162855,2,19,0,5,fda_regulator,0,False
K163013,3,13,0,6,fda_regulator,0,False
K163138,3,21,0,7,fda_regulator,0,False
K163253,2,17,5,6,fda_regulator,0,False
K163339,1,14,0,6,fda_regulator,0,False
K163622,1,12,1,4,fda_regulator,1,True
K163623,3,14,0,5,fda_regulator,4,False
K163665,5,13,17,22,device_algorithm,0,False
K163694,3,13,0,9,fda_regulator,0,False
K170069,9,16,1,25,device_algorithm,10,False
K170172,2,15,0,10,fda_regulator,0,False
K170250,1,10,2,8,fda_regulator,1,False
K170540,4,16,1,5,fda_regulator,3,False
K170568,5,15,5,5,fda_regulator,0,False
K170747,1,16,4,8,fda_regulator,0,True
K170981,3,13,2,7,fda_regulator,3,False
K171056,2,15,0,5,fda_regulator,0,False
K171122,2,15,0,6,fda_regulator,1,False
K171315,2,13,0,10,fda_regulator,4,False
K171328,6,14,0,7,fda_regulator,2,False
K171936,2,17,7,5,fda_regulator,0,False
K172122,2,15,3,6,fda_regulator,0,True
K172356,2,20,0,5,fda_regulator,1,False
K172385,3,27,0,9,fda_regulator,0,False
K172507,2,15,3,5,fda_regulator,0,False
K172803,3,17,6,9,fda_regulator,0,False
K172959,3,14,2,5,fda_regulator,0,False
K172983,2,18,5,7,fda_regulator,1,False
K173327,4,19,10,14,fda_regulator,5,False
K173420,5,18,0,10,fda_regulator,0,False
K173444,1,16,0,5,fda_regulator,0,False
K173542,2,19,2,9,fda_regulator,0,False
K173574,2,16,4,14,fda_regulator,0,False
K173588,6,22,0,9,fda_regulator,0,False
K173605,2,15,0,12,fda_regulator,0,False
K173749,1,18,1,3,fda_regulator,0,False
K173780,2,14,7,13,fda_regulator,0,True
K173810,3,16,0,4,fda_regulator,1,False
K173821,2,15,3,5,fda_regulator,0,True
K173839,2,16,3,3,fda_regulator,1,False
K173872,11,26,3,7,fda_regulator,7,False
K173939,3,15,0,3,fda_regulator,0,False
K180038,1,21,2,9,fda_regulator,1,False
K180091,2,16,0,10,fda_regulator,0,False
K180126,2,15,3,7,fda_regulator,0,True
K180161,2,15,0,13,fda_regulator,0,False
K180163,2,17,0,9,fda_regulator,0,False
K180343,2,19,0,4,fda_regulator,5,False
K180432,4,28,13,7,fda_regulator,0,True
K180589,3,21,0,14,fda_regulator,0,False
K180599,2,58,0,4,fda_regulator,0,False
K180647,2,16,13,16,fda_regulator,5,False
K180799,3,28,0,7,fda_regulator,0,False
K180867,7,23,15,28,device_algorithm,11,False
K181247,5,25,6,21,fda_regulator,0,False
K181288,2,15,1,9,fda_regulator,4,False
K181352,3,33,4,5,fda_regulator,10,False
K181502,2,20,2,8,fda_regulator,0,False
K181572,5,21,1,10,fda_regulator,0,False
K181574,1,16,0,4,fda_regulator,2,False
K181685,2,25,2,6,fda_regulator,0,False
K181704,4,26,5,16,fda_regulator,25,True
K181771,4,20,0,8,fda_regulator,1,False
K181823,4,18,5,9,fda_regulator,0,False
K181861,4,18,2,11,fda_regulator,0,False
K181892,2,18,0,3,fda_regulator,0,False
K181916,4,37,22,11,fda_regulator,1,False
K181939,5,18,0,6,fda_regulator,5,False
K181988,2,21,11,4,fda_regulator,11,False
K182034,2,17,2,7,fda_regulator,0,True
K182035,3,15,4,7,fda_regulator,0,False
K182112,5,20,3,5,fda_regulator,0,False
K182130,2,19,6,9,fda_regulator,0,True
K182149,4,23,4,14,fda_regulator,30,False
K182177,2,16,1,9,fda_regulator,8,False
K182181,1,19,1,4,fda_regulator,0,False
K182218,1,27,6,9,fda_regulator,11,False
K182310,2,20,3,13,fda_regulator,0,False
K182336,3,15,0,10,fda_regulator,0,False
K182344,5,25,2,3,fda_regulator,2,False
K182373,3,19,16,11,fda_regulator,34,False
K182384,2,18,1,14,fda_regulator,5,False
K182419,2,23,2,19,fda_regulator,0,True
K182456,2,24,8,5,fda_regulator,0,False
K182513,1,18,0,3,fda_regulator,0,False
K182564,2,18,0,5,fda_regulator,0,False
K182616,2,19,3,16,fda_regulator,0,False
K182790,2,23,10,12,fda_regulator,0,True
K182798,4,19,1,10,fda_regulator,4,True
K182875,2,20,0,20,fda_regulator,5,False
K182901,2,20,4,6,fda_regulator,2,False
K183012,2,19,1,4,fda_regulator,0,False
K183019,2,18,3,14,fda_regulator,8,True
K183046,2,20,4,6,fda_regulator,2,False
K183089,4,18,3,7,fda_regulator,3,False
K183133,9,18,21,17,clinician_hcp,8,True
K183182,3,26,8,5,fda_regulator,27,False
K183202,4,25,2,38,device_algorithm,2,False
K183204,3,23,3,12,fda_regulator,0,True
K183231,2,23,2,4,fda_regulator,0,False
K183268,2,20,0,21,device_algorithm,0,False
K183271,2,20,0,15,fda_regulator,0,False
K183272,2,20,0,14,fda_regulator,0,False
K183274,6,22,4,5,fda_regulator,0,False
K183282,2,27,8,12,fda_regulator,0,False
K183285,3,19,28,19,clinician_hcp,37,False
K183322,3,23,5,5,fda_regulator,0,False
K183370,3,20,2,4,fda_regulator,0,True
K183460,5,22,0,6,fda_regulator,0,False
K183489,2,18,0,5,fda_regulator,1,False
K183593,0,0,0,0,none,0,False
K183646,2,18,2,4,fda_regulator,0,False
K183648,1,16,0,7,fda_regulator,0,False
K183704,2,18,1,13,fda_regulator,0,False
K190013,3,26,4,15,fda_regulator,0,False
K190017,6,19,9,9,fda_regulator,2,False
K190072,2,16,10,21,device_algorithm,9,False
K190334,2,18,4,8,fda_regulator,1,False
K190362,2,19,7,8,fda_regulator,6,False
K190387,1,18,0,4,fda_regulator,0,False
K190424,2,19,5,11,fda_regulator,6,False
K190442,6,20,7,17,fda_regulator,22,False
K190529,2,19,1,6,fda_regulator,0,False
K190593,2,24,0,3,fda_regulator,1,False
K190764,1,22,1,16,fda_regulator,0,False
K190815,2,20,2,6,fda_regulator,6,False
K190868,2,21,2,24,device_algorithm,0,False
K190896,2,18,8,18,fda_regulator,6,False
K190898,2,18,0,9,fda_regulator,6,False
K190925,4,18,4,7,fda_regulator,0,True
K191026,6,19,0,8,fda_regulator,0,False
K191083,7,18,3,10,fda_regulator,0,False
K191125,3,37,2,9,fda_regulator,3,False
K191171,3,20,5,12,fda_regulator,1,True
K191179,3,18,0,3,fda_regulator,0,False
K191183,4,18,0,10,fda_regulator,0,False
K191194,4,20,0,27,device_algorithm,0,False
K191262,3,20,0,16,fda_regulator,1,False
K191278,4,21,4,4,fda_regulator,1,False
K191370,3,19,1,15,fda_regulator,9,False
K191384,1,18,0,3,fda_regulator,0,False
K191493,3,21,0,6,fda_regulator,1,False
K191550,5,18,7,4,fda_regulator,1,False
K191556,3,18,2,9,fda_regulator,10,False
K191585,5,21,1,11,fda_regulator,0,True
K191647,2,19,0,8,fda_regulator,0,False
K191688,3,17,0,13,fda_regulator,0,False
K191713,1,32,6,6,fda_regulator,0,False
K191928,2,21,0,6,fda_regulator,2,False
K191994,4,18,5,5,fda_regulator,22,False
K192004,2,20,6,18,fda_regulator,9,True
K192051,4,18,2,4,fda_regulator,8,False
K192065,2,20,0,10,fda_regulator,0,False
K192107,3,31,0,6,fda_regulator,0,False
K192109,2,19,0,9,fda_regulator,7,False
K192130,3,18,0,6,fda_regulator,2,False
K192167,3,19,2,13,fda_regulator,19,False
K192279,2,19,0,14,fda_regulator,0,False
K192287,4,25,3,16,fda_regulator,1,False
K192304,2,18,0,11,fda_regulator,0,False
K192320,2,19,5,13,fda_regulator,21,False
K192377,2,23,0,6,fda_regulator,0,False
K192383,2,18,15,22,device_algorithm,10,False
K192388,2,20,3,5,fda_regulator,0,False
K192415,4,18,6,4,fda_regulator,8,False
K192437,2,20,1,7,fda_regulator,0,False
K192442,3,22,5,14,fda_regulator,7,False
K192455,3,42,1,10,fda_regulator,0,True
K192531,2,24,2,6,fda_regulator,3,False
K192571,1,18,0,3,fda_regulator,0,False
K192574,2,19,2,7,fda_regulator,0,False
K192601,2,19,1,7,fda_regulator,0,False
K192665,3,25,0,6,fda_regulator,1,False
K192732,3,18,2,4,fda_regulator,0,False
K192763,2,19,3,9,fda_regulator,1,True
K192828,1,18,7,5,fda_regulator,4,False
K192832,2,20,3,5,fda_regulator,2,False
K192854,2,19,9,21,device_algorithm,78,False
K192880,2,19,7,12,fda_regulator,5,False
K192901,2,19,12,12,fda_regulator,10,False
K192945,2,26,0,10,fda_regulator,6,False
K192956,3,26,0,7,fda_regulator,1,False
K192962,5,18,0,9,fda_regulator,7,False
K192969,3,19,2,7,fda_regulator,0,False
K192973,4,19,3,7,fda_regulator,5,False
K193073,2,19,1,9,fda_regulator,0,False
K193087,2,18,15,19,device_algorithm,4,False
K193097,2,20,2,8,fda_regulator,0,False
K193109,5,20,0,5,fda_regulator,13,False
K193170,4,25,0,34,device_algorithm,2,False
K193176,2,20,2,5,fda_regulator,0,True
K193178,4,15,1,8,fda_regulator,4,True
K193210,2,19,0,5,fda_regulator,0,False
K193216,7,24,11,33,device_algorithm,7,False
K193220,2,21,3,7,fda_regulator,4,True
K193229,4,25,1,16,fda_regulator,10,True
K193248,5,20,2,9,fda_regulator,7,True
K193252,2,20,0,4,fda_regulator,0,False
K193267,6,19,0,13,fda_regulator,0,False
K193271,2,18,10,16,fda_regulator,7,False
K193281,2,21,0,7,fda_regulator,0,False
K193282,3,21,2,4,fda_regulator,0,True
K193283,2,23,5,7,fda_regulator,1,False
K193287,2,19,0,5,fda_regulator,6,False
K193289,5,27,7,16,fda_regulator,0,True
K193290,2,24,1,7,fda_regulator,0,False
K193294,2,24,0,13,fda_regulator,0,False
K193298,2,16,11,18,device_algorithm,16,False
K193300,2,18,5,20,device_algorithm,9,False
K193306,3,22,4,9,fda_regulator,1,False
K193351,2,17,11,21,device_algorithm,12,False
K193417,4,21,0,13,fda_regulator,23,False
K193518,2,18,2,8,fda_regulator,0,False
K193562,3,24,0,17,fda_regulator,1,False
K193631,2,21,2,8,fda_regulator,5,False
K193658,3,18,3,9,fda_regulator,22,False
K200036,5,25,6,8,fda_regulator,0,False
K200232,4,19,10,8,fda_regulator,2,True
K200323,4,21,0,15,fda_regulator,0,False
K200356,2,21,1,6,fda_regulator,0,False
K200497,2,23,2,5,fda_regulator,0,False
K200569,1,18,0,4,fda_regulator,0,False
K200595,2,20,0,30,device_algorithm,5,False
K200621,2,17,3,11,fda_regulator,3,True
K200667,3,19,1,9,fda_regulator,60,False
K200708,2,23,0,5,fda_regulator,0,False
K200714,2,28,5,16,fda_regulator,0,True
K200717,2,18,5,6,fda_regulator,4,False
K200743,2,23,2,5,fda_regulator,0,False
K200750,3,18,5,12,fda_regulator,0,True
K200755,2,18,3,6,fda_regulator,0,False
K200760,2,18,28,19,clinician_hcp,1,True
K200828,3,18,13,11,fda_regulator,4,False
K200833,2,18,1,14,fda_regulator,0,False
K200851,2,23,0,5,fda_regulator,0,False
K200852,2,23,2,3,fda_regulator,0,False
K200855,4,19,6,23,device_algorithm,24,False
K200873,3,21,1,7,fda_regulator,5,False
K200905,3,19,11,11,fda_regulator,23,False
K200921,2,18,2,25,device_algorithm,9,False
K200941,2,18,12,18,fda_regulator,8,False
K200974,4,18,0,4,fda_regulator,0,False
K200980,3,20,6,7,fda_regulator,1,True
K200990,4,19,5,10,fda_regulator,0,True
K201012,8,38,0,3,fda_regulator,0,False
K201019,3,24,8,15,fda_regulator,7,True
K201020,2,17,12,24,device_algorithm,6,False
K201034,3,18,3,12,fda_regulator,0,True
K201039,1,24,8,5,fda_regulator,6,False
K201103,2,27,3,7,fda_regulator,0,True
K201195,4,26,5,10,fda_regulator,0,True
K201232,3,19,0,15,fda_regulator,0,False
K201298,2,18,2,8,fda_regulator,1,False
K201301,6,21,0,6,fda_regulator,8,False
K201310,2,17,2,10,fda_regulator,12,False
K201369,4,21,8,29,device_algorithm,2,False
K201411,3,19,0,3,fda_regulator,1,False
K201444,3,19,0,12,fda_regulator,0,False
K201555,2,20,4,13,fda_regulator,7,False
K201560,3,26,6,9,fda_regulator,1,True
K201615,2,24,3,5,fda_regulator,1,False
K201632,3,21,3,5,fda_regulator,0,False
K201710,2,24,1,6,fda_regulator,0,True
K201745,5,27,2,35,device_algorithm,4,False
K201836,2,20,3,6,fda_regulator,2,False
K201841,4,18,0,7,fda_regulator,0,False
K201985,5,20,4,11,fda_regulator,0,False
K201992,2,18,3,4,fda_regulator,0,False
K202013,2,20,6,5,fda_regulator,1,False
K202089,3,22,0,4,fda_regulator,4,False
K202170,4,18,16,13,fda_regulator,4,True
K202212,4,21,1,9,fda_regulator,0,False
K202229,4,19,0,11,fda_regulator,0,False
K202238,2,22,2,4,fda_regulator,0,True
K202280,2,22,3,31,device_algorithm,0,False
K202284,2,19,2,8,fda_regulator,0,False
K202300,10,25,12,39,device_algorithm,30,False
K202404,4,19,1,8,fda_regulator,3,False
K202414,1,23,2,7,fda_regulator,1,False
K202441,1,19,0,11,fda_regulator,0,False
K202487,2,20,1,19,fda_regulator,7,False
K202501,3,18,5,13,fda_regulator,0,False
K202527,2,26,1,7,fda_regulator,0,False
K202546,3,19,0,5,fda_regulator,0,False
K202700,3,22,0,15,fda_regulator,0,False
K202718,3,20,2,3,fda_regulator,0,False
K202767,2,19,2,9,fda_regulator,0,False
K202927,1,23,1,9,fda_regulator,17,False
K202928,4,18,0,14,fda_regulator,3,False
K202990,2,18,7,19,device_algorithm,0,False
K202992,2,17,12,21,device_algorithm,8,False
K203042,2,23,3,6,fda_regulator,2,False
K203103,2,19,0,11,fda_regulator,1,False
K203169,3,24,0,10,fda_regulator,0,False
K203182,3,19,0,11,fda_regulator,0,False
K203225,2,21,6,5,fda_regulator,2,False
K203235,2,25,0,19,fda_regulator,12,False
K203256,0,13,3,11,fda_regulator,1,True
K203258,4,27,15,32,device_algorithm,3,False
K203260,3,18,2,6,fda_regulator,6,False
K203280,4,20,8,8,fda_regulator,3,False
K203314,2,21,1,10,fda_regulator,4,False
K203323,2,20,2,8,fda_regulator,0,False
K203329,5,18,6,8,fda_regulator,0,True
K203443,4,30,2,6,fda_regulator,1,False
K203448,2,20,0,9,fda_regulator,0,False
K203469,2,20,2,6,fda_regulator,0,False
K203502,3,19,1,9,fda_regulator,0,False
K203508,12,38,12,82,device_algorithm,0,False
K203514,4,30,0,6,fda_regulator,2,False
K203517,2,18,11,19,device_algorithm,25,False
K203555,8,25,4,23,fda_regulator,7,True
K203578,1,18,0,3,fda_regulator,0,False
K203582,4,21,2,11,fda_regulator,1,False
K203610,4,18,0,12,fda_regulator,3,False
K203617,4,22,0,8,fda_regulator,2,False
K203629,2,22,0,11,fda_regulator,0,False
K203696,2,23,0,9,fda_regulator,4,False
K203744,3,20,1,9,fda_regulator,1,False
K203783,4,22,7,17,fda_regulator,0,True
K203785,4,22,1,5,fda_regulator,1,False
K203822,4,19,6,6,fda_regulator,8,False
K210001,2,19,0,4,fda_regulator,0,False
K210034,2,19,15,11,fda_regulator,2,True
K210053,3,18,0,4,fda_regulator,4,False
K210069,3,18,1,7,fda_regulator,3,False
K210071,2,18,0,15,fda_regulator,1,False
K210085,2,21,7,22,device_algorithm,0,False
K210187,3,20,0,10,fda_regulator,10,False
K210209,6,18,3,7,fda_regulator,24,False
K210237,4,18,6,24,device_algorithm,7,False
K210365,3,18,3,18,fda_regulator,32,False
K210404,4,31,1,13,fda_regulator,16,False
K210426,2,25,0,6,fda_regulator,0,False
K210438,2,23,0,4,fda_regulator,0,False
K210458,2,18,9,7,fda_regulator,1,False
K210484,2,18,0,10,fda_regulator,2,False
K210543,3,18,5,15,fda_regulator,0,False
K210556,2,20,0,17,fda_regulator,0,False
K210611,4,29,2,6,fda_regulator,0,True
K210632,2,18,0,3,fda_regulator,0,False
K210645,1,18,0,5,fda_regulator,2,False
K210666,4,23,7,12,fda_regulator,36,True
K210670,6,32,21,14,fda_regulator,67,False
K210719,10,25,0,20,fda_regulator,3,False
K210747,2,18,6,12,fda_regulator,1,True
K210760,4,33,1,4,fda_regulator,0,False
K210791,3,19,4,14,fda_regulator,2,False
K210807,4,24,0,13,fda_regulator,0,False
K210822,7,33,7,5,fda_regulator,0,False
K210831,4,22,5,12,fda_regulator,2,False
K210999,2,18,0,14,fda_regulator,0,False
K211118,2,22,2,7,fda_regulator,0,False
K211161,2,19,4,9,fda_regulator,3,False
K211179,3,18,17,21,device_algorithm,7,False
K211222,4,20,0,10,fda_regulator,5,False
K211279,2,20,4,10,fda_regulator,0,False
K211326,2,18,1,10,fda_regulator,5,False
K211379,3,19,0,10,fda_regulator,5,False
K211431,4,18,3,10,fda_regulator,0,False
K211443,3,18,25,6,clinician_hcp,0,True
K211459,3,19,5,10,fda_regulator,0,True
K211506,4,18,0,4,fda_regulator,0,False
K211541,2,19,5,12,fda_regulator,10,False
K211597,4,23,0,6,fda_regulator,0,False
K211611,3,20,6,17,fda_regulator,0,False
K211655,3,20,0,21,device_algorithm,2,False
K211678,4,22,11,27,device_algorithm,41,False
K211733,3,15,3,13,fda_regulator,57,False
K211764,4,38,2,4,fda_regulator,0,False
K211788,3,18,1,7,fda_regulator,5,False
K211803,2,19,5,16,fda_regulator,16,False
K211824,4,20,0,9,fda_regulator,1,False
K211828,2,20,4,5,fda_regulator,6,False
K211841,5,22,0,8,fda_regulator,1,False
K211846,3,27,1,4,fda_regulator,1,False
K211867,1,17,0,7,fda_regulator,0,False
K211881,2,20,2,6,fda_regulator,0,False
K211906,1,18,0,14,fda_regulator,3,False
K211945,2,21,0,6,fda_regulator,0,False
K211951,4,31,0,6,fda_regulator,2,False
K211964,3,18,0,13,fda_regulator,0,False
K211966,3,24,0,5,fda_regulator,3,False
K211980,2,25,2,4,fda_regulator,0,True
K212005,3,22,0,26,device_algorithm,0,False
K212012,2,18,1,9,fda_regulator,3,False
K212067,5,25,1,33,device_algorithm,1,False
K212074,7,23,0,5,fda_regulator,0,False
K212100,2,33,2,7,fda_regulator,0,False
K212116,4,20,0,14,fda_regulator,0,False
K212218,2,20,0,5,fda_regulator,0,False
K212219,4,24,3,4,fda_regulator,0,False
K212230,3,18,4,11,fda_regulator,0,True
K212261,4,24,2,17,fda_regulator,8,False
K212265,4,22,0,4,fda_regulator,0,False
K212269,5,19,0,7,fda_regulator,0,False
K212274,4,18,0,12,fda_regulator,0,False
K212333,2,20,0,5,fda_regulator,0,False
K212336,1,45,1,4,fda_regulator,0,False
K212365,2,16,0,14,fda_regulator,53,False
K212383,4,25,0,9,fda_regulator,0,False
K212441,4,47,2,5,fda_regulator,0,False
K212442,4,18,0,15,fda_regulator,5,False
K212456,2,22,3,8,fda_regulator,0,False
K212466,3,19,0,4,fda_regulator,3,False
K212516,5,23,0,7,fda_regulator,6,False
K212519,3,20,5,19,fda_regulator,26,False
K212616,5,20,20,27,device_algorithm,148,False
K212624,4,20,2,12,fda_regulator,8,False
K212654,2,24,1,23,fda_regulator,0,False
K212662,5,23,1,12,fda_regulator,0,False
K212690,4,20,1,7,fda_regulator,4,False
K212704,3,22,0,6,fda_regulator,0,False
K212758,2,18,11,11,fda_regulator,0,False
K212783,3,25,1,23,fda_regulator,39,False
K212915,4,20,3,19,fda_regulator,0,False
K212960,2,22,0,5,fda_regulator,0,False
K213037,2,21,0,10,fda_regulator,22,False
K213096,3,18,0,10,fda_regulator,0,False
K213155,2,18,0,8,fda_regulator,4,False
K213165,2,24,7,11,fda_regulator,6,True
K213272,3,18,1,15,fda_regulator,3,False
K213275,4,21,4,9,fda_regulator,0,True
K213305,2,21,2,7,fda_regulator,0,False
K213307,2,19,0,14,fda_regulator,0,False
K213319,7,18,4,20,device_algorithm,27,False
K213353,4,21,6,16,fda_regulator,38,True
K213357,3,18,6,9,fda_regulator,10,False
K213409,3,28,3,6,fda_regulator,0,True
K213436,4,20,0,5,fda_regulator,0,False
K213504,5,32,9,17,fda_regulator,5,True
K213544,3,21,6,10,fda_regulator,0,True
K213566,4,19,3,13,fda_regulator,17,False
K213583,3,33,2,5,fda_regulator,2,True
K213603,2,22,2,3,fda_regulator,0,True
K213628,4,20,0,11,fda_regulator,0,False
K213642,3,24,2,5,fda_regulator,0,False
K213645,2,18,0,11,fda_regulator,2,False
K213657,3,20,5,11,fda_regulator,32,False
K213668,2,26,2,4,fda_regulator,0,True
K213686,2,21,0,19,fda_regulator,2,False
K213689,3,23,2,5,fda_regulator,0,False
K213693,3,19,2,13,fda_regulator,4,True
K213706,4,22,1,9,fda_regulator,4,False
K213713,2,25,0,12,fda_regulator,2,False
K213717,5,22,0,7,fda_regulator,1,False
K213721,2,18,4,22,device_algorithm,6,False
K213725,5,22,0,9,fda_regulator,0,False
K213737,3,19,0,4,fda_regulator,0,False
K213760,4,18,0,9,fda_regulator,0,False
K213776,1,23,8,4,fda_regulator,0,False
K213779,6,21,3,6,fda_regulator,1,False
K213794,2,21,9,20,fda_regulator,6,True
K213795,4,20,4,12,fda_regulator,8,True
K213857,5,18,7,9,fda_regulator,0,False
K213882,4,20,6,11,fda_regulator,11,True
K213886,2,18,2,23,device_algorithm,9,False
K213938,3,25,0,8,fda_regulator,0,False
K213941,3,20,2,23,device_algorithm,25,False
K213944,2,20,2,9,fda_regulator,0,False
K213960,3,21,18,12,fda_regulator,2,True
K213971,5,18,0,11,fda_regulator,15,False
K213976,2,18,3,3,fda_regulator,0,False
K213986,3,24,2,12,fda_regulator,0,False
K213998,3,20,7,22,device_algorithm,2,True
K213999,4,25,1,32,device_algorithm,2,False
K214019,3,18,0,8,fda_regulator,0,False
K214036,3,22,6,11,fda_regulator,0,True
K214043,4,18,3,14,fda_regulator,11,False
K214081,5,29,0,9,fda_regulator,15,False
K220013,6,20,0,6,fda_regulator,0,False
K220034,3,19,6,5,fda_regulator,5,False
K220043,4,20,0,6,fda_regulator,0,False
K220068,3,20,2,8,fda_regulator,0,False
K220080,3,18,6,11,fda_regulator,6,False
K220105,2,18,7,7,fda_regulator,7,False
K220141,1,18,0,6,fda_regulator,2,False
K220151,4,27,2,6,fda_regulator,0,False
K220164,5,19,1,14,fda_regulator,38,False
K220192,2,20,2,7,fda_regulator,0,False
K220264,4,21,3,11,fda_regulator,0,False
K220332,2,21,5,5,fda_regulator,0,True
K220349,3,18,5,13,fda_regulator,0,True
K220358,2,19,5,7,fda_regulator,7,False
K220408,2,21,2,11,fda_regulator,3,False
K220416,4,18,0,19,device_algorithm,0,False
K220437,4,18,4,8,fda_regulator,6,False
K220439,10,18,3,8,fda_regulator,29,False
K220446,2,18,0,4,fda_regulator,0,False
K220497,8,31,7,19,fda_regulator,4,False
K220499,4,18,4,18,fda_regulator,43,False
K220575,4,21,2,5,fda_regulator,0,True
K220589,4,27,2,6,fda_regulator,0,False
K220590,3,20,0,15,fda_regulator,1,False
K220598,4,18,0,12,fda_regulator,17,False
K220619,2,24,2,5,fda_regulator,1,False
K220624,2,21,0,5,fda_regulator,2,False
K220709,4,18,3,19,device_algorithm,16,False
K220766,2,21,8,5,fda_regulator,2,False
K220783,3,19,1,11,fda_regulator,0,False
K220786,2,18,6,10,fda_regulator,0,False
K220800,2,28,1,4,fda_regulator,7,False
K220813,4,25,0,24,fda_regulator,0,False
K220815,2,21,1,10,fda_regulator,1,False
K220848,2,27,1,4,fda_regulator,7,False
K220851,2,28,1,4,fda_regulator,7,False
K220882,2,21,1,4,fda_regulator,1,False
K220899,4,18,0,21,device_algorithm,5,False
K220928,3,21,2,12,fda_regulator,21,False
K220939,4,30,2,8,fda_regulator,2,False
K220940,2,23,2,3,fda_regulator,1,False
K220956,2,25,5,15,fda_regulator,5,False
K220961,5,25,0,28,device_algorithm,0,False
K220975,2,21,0,7,fda_regulator,4,False
K220986,2,20,4,6,fda_regulator,4,False
K221100,3,16,1,6,fda_regulator,0,False
K221106,3,18,0,9,fda_regulator,0,False
K221147,2,25,0,5,fda_regulator,1,False
K221148,2,24,0,5,fda_regulator,1,False
K221179,2,17,16,13,fda_regulator,1,True
K221183,3,27,1,14,fda_regulator,69,False
K221203,1,19,2,4,fda_regulator,0,False
K221219,3,18,3,12,fda_regulator,0,True
K221240,2,18,4,15,fda_regulator,11,False
K221241,3,19,3,10,fda_regulator,18,False
K221248,4,18,4,14,fda_regulator,6,False
K221305,6,22,0,16,fda_regulator,1,False
K221309,2,19,0,34,device_algorithm,19,False
K221314,4,18,3,17,fda_regulator,6,False
K221330,4,18,3,25,device_algorithm,11,False
K221347,4,29,1,10,fda_regulator,7,False
K221393,2,22,3,6,fda_regulator,0,False
K221432,6,22,3,7,fda_regulator,1,False
K221449,3,24,8,16,fda_regulator,7,False
K221456,4,18,4,18,fda_regulator,59,False
K221463,3,19,1,8,fda_regulator,0,False
K221552,7,21,0,10,fda_regulator,9,False
K221564,5,19,34,27,clinician_hcp,20,True
K221592,2,21,10,19,fda_regulator,14,True
K221599,2,27,0,8,fda_regulator,4,False
K221624,2,18,7,19,device_algorithm,4,True
K221632,2,17,0,8,fda_regulator,0,False
K221680,5,26,2,5,fda_regulator,0,True
K221706,2,23,0,7,fda_regulator,1,False
K221716,3,20,3,24,device_algorithm,20,False
K221727,4,18,0,7,fda_regulator,0,False
K221733,3,19,2,6,fda_regulator,0,True
K221738,2,21,0,11,fda_regulator,0,False
K221762,3,18,1,9,fda_regulator,4,False
K221772,3,17,0,7,fda_regulator,8,False
K221868,4,20,6,18,fda_regulator,13,False
K221892,4,19,2,4,fda_regulator,2,False
K221921,3,22,0,6,fda_regulator,10,False
K221923,2,22,3,6,fda_regulator,0,False
K221962,4,18,0,5,fda_regulator,0,False
K222036,4,22,0,7,fda_regulator,1,False
K222070,6,23,0,9,fda_regulator,0,False
K222076,4,22,2,13,fda_regulator,12,False
K222172,5,22,3,11,fda_regulator,0,True
K222174,2,21,5,8,fda_regulator,5,False
K222176,2,16,0,11,fda_regulator,92,False
K222179,5,20,1,24,device_algorithm,7,False
K222268,5,20,1,22,device_algorithm,5,False
K222275,2,18,2,11,fda_regulator,3,False
K222277,4,18,4,18,fda_regulator,21,False
K222312,1,22,0,14,fda_regulator,5,False
K222329,4,18,3,15,fda_regulator,21,False
K222360,2,25,0,12,fda_regulator,1,False
K222361,4,23,1,15,fda_regulator,2,False
K222389,3,28,1,7,fda_regulator,0,False
K222406,6,23,1,9,fda_regulator,1,False
K222428,2,24,0,11,fda_regulator,0,False
K222458,3,17,29,7,clinician_hcp,1,True
K222579,2,22,7,5,fda_regulator,19,False
K222593,3,20,1,16,fda_regulator,2,False
K222676,2,20,4,14,fda_regulator,0,True
K222692,4,17,2,12,fda_regulator,17,False
K222728,7,19,0,6,fda_regulator,0,False
K222745,6,25,0,16,fda_regulator,0,False
K222746,3,22,2,19,fda_regulator,28,False
K222755,3,21,4,5,fda_regulator,0,True
K222803,2,19,4,9,fda_regulator,0,False
K222819,2,21,4,5,fda_regulator,6,False
K222884,4,19,4,33,device_algorithm,26,False
K222921,3,18,1,24,device_algorithm,0,False
K222970,3,18,1,6,fda_regulator,0,False
K223028,2,20,1,6,fda_regulator,0,False
K223032,2,18,0,12,fda_regulator,1,False
K223042,3,19,4,14,fda_regulator,0,False
K223073,3,26,6,10,fda_regulator,1,False
K223106,2,18,0,18,fda_regulator,0,False
K223133,3,20,13,9,fda_regulator,20,True
K223180,4,19,1,9,fda_regulator,2,False
K223212,4,25,1,11,fda_regulator,2,False
K223240,4,21,1,21,fda_regulator,4,False
K223247,2,21,3,5,fda_regulator,0,False
K223268,2,21,2,9,fda_regulator,1,False
K223287,2,18,0,15,fda_regulator,8,False
K223288,2,21,0,19,fda_regulator,7,False
K223296,10,20,1,9,fda_regulator,19,True
K223311,3,58,2,5,fda_regulator,0,False
K223325,2,18,0,3,fda_regulator,1,False
K223343,4,20,2,6,fda_regulator,0,True
K223347,2,20,10,14,fda_regulator,12,False
K223357,3,20,0,5,fda_regulator,36,False
K223387,2,21,0,10,fda_regulator,7,False
K223396,2,18,1,8,fda_regulator,0,False
K223424,3,25,1,7,fda_regulator,0,False
K223426,3,21,5,19,fda_regulator,0,False
K223439,2,27,2,4,fda_regulator,0,True
K223442,5,34,2,4,fda_regulator,2,True
K223443,11,18,0,16,fda_regulator,36,False
K223458,5,28,2,4,fda_regulator,2,True
K223473,4,23,0,8,fda_regulator,0,False
K223490,4,23,0,6,fda_regulator,0,False
K223491,1,22,7,16,fda_regulator,15,False
K223501,5,26,11,16,fda_regulator,1,True
K223502,2,18,2,10,fda_regulator,0,True
K223504,2,19,11,16,fda_regulator,10,False
K223514,3,23,1,12,fda_regulator,0,False
K223516,2,18,0,8,fda_regulator,0,False
K223523,3,22,1,6,fda_regulator,2,False
K223539,3,19,0,11,fda_regulator,0,False
K223552,2,17,0,6,fda_regulator,1,False
K223553,2,18,0,11,fda_regulator,0,False
K223556,4,20,5,8,fda_regulator,2,False
K223621,3,18,0,4,fda_regulator,10,False
K223622,9,17,0,16,fda_regulator,1,False
K223623,7,17,0,13,fda_regulator,0,False
K223630,2,18,0,7,fda_regulator,0,False
K223639,3,18,0,19,device_algorithm,4,False
K223646,3,30,0,14,fda_regulator,2,False
K223659,3,17,8,7,fda_regulator,14,False
K223724,3,21,0,14,fda_regulator,2,False
K223726,2,20,4,6,fda_regulator,2,False
K223734,3,20,0,17,fda_regulator,7,False
K223738,6,18,1,9,fda_regulator,0,False
K223754,8,23,2,18,fda_regulator,49,False
K223757,2,24,0,9,fda_regulator,2,False
K223771,3,17,2,26,device_algorithm,7,False
K223774,2,18,0,3,fda_regulator,0,False
K223811,4,21,6,19,fda_regulator,28,True
K223830,4,20,4,6,fda_regulator,2,False
K223855,16,32,7,6,fda_regulator,1,False
K223864,2,20,0,12,fda_regulator,7,False
K223905,2,18,3,5,fda_regulator,2,False
K230020,4,18,2,18,fda_regulator,27,False
K230023,4,22,0,16,fda_regulator,0,False
K230039,2,17,0,7,fda_regulator,0,False
K230045,2,32,3,11,fda_regulator,2,False
K230074,3,20,3,15,fda_regulator,25,False
K230082,4,27,0,38,device_algorithm,1,False
K230084,4,21,0,9,fda_regulator,1,False
K230085,4,24,6,20,fda_regulator,28,True
K230096,4,24,11,12,fda_regulator,1,True
K230112,0,16,2,13,fda_regulator,0,True
K230144,4,24,2,16,fda_regulator,11,False
K230150,4,23,0,6,fda_regulator,1,False
K230179,2,23,1,6,fda_regulator,0,False
K230197,3,21,1,10,fda_regulator,4,False
K230208,2,22,3,5,fda_regulator,0,False
K230209,5,22,10,10,fda_regulator,1,False
K230220,5,23,7,9,fda_regulator,0,False
K230223,2,19,24,21,clinician_hcp,3,True
K230252,1,19,0,11,fda_regulator,1,False
K230264,3,19,0,13,fda_regulator,0,False
K230273,3,17,2,17,fda_regulator,0,False
K230292,3,18,2,7,fda_regulator,27,False
K230337,2,20,1,12,fda_regulator,6,False
K230346,3,26,4,5,fda_regulator,2,False
K230355,2,20,2,10,fda_regulator,1,False
K230365,5,27,2,16,fda_regulator,10,False
K230370,3,22,0,11,fda_regulator,5,False
K230497,2,21,1,9,fda_regulator,3,False
K230534,4,21,4,10,fda_regulator,0,False
K230552,2,19,2,10,fda_regulator,0,True
K230553,2,18,0,5,fda_regulator,0,False
K230575,3,20,0,12,fda_regulator,0,False
K230658,2,23,0,14,fda_regulator,0,False
K230685,5,18,0,10,fda_regulator,3,False
K230751,4,23,3,12,fda_regulator,27,True
K230772,3,18,0,10,fda_regulator,0,False
K230807,5,24,0,30,device_algorithm,2,False
K230812,3,19,5,12,fda_regulator,10,False
K230823,2,19,8,13,fda_regulator,6,False
K230842,7,24,6,9,fda_regulator,22,False
K230850,2,23,1,16,fda_regulator,5,False
K230854,3,22,0,24,device_algorithm,0,False
K230899,4,20,0,24,device_algorithm,52,False
K230913,2,20,2,7,fda_regulator,0,False
K230977,2,18,0,11,fda_regulator,1,False
K231001,3,27,0,22,fda_regulator,20,False
K231010,5,26,8,15,fda_regulator,12,False
K231025,4,25,2,12,fda_regulator,9,False
K231038,2,21,5,5,fda_regulator,0,False
K231068,4,23,0,14,fda_regulator,33,False
K231094,4,18,0,20,device_algorithm,4,False
K231130,4,21,11,12,fda_regulator,2,False
K231143,4,30,0,7,fda_regulator,2,False
K231149,4,20,0,13,fda_regulator,1,False
K231157,4,26,13,24,fda_regulator,6,False
K231173,4,26,0,11,fda_regulator,3,False
K231190,3,20,0,4,fda_regulator,0,False
K231195,4,19,6,20,device_algorithm,24,False
K231207,2,18,0,5,fda_regulator,1,False
K231281,2,20,3,5,fda_regulator,0,False
K231324,6,24,9,15,fda_regulator,4,False
K231335,2,20,6,10,fda_regulator,10,False
K231355,2,27,4,11,fda_regulator,7,False
K231384,4,21,1,19,fda_regulator,4,False
K231396,2,22,1,16,fda_regulator,2,False
K231398,4,25,1,20,fda_regulator,4,False
K231459,1,18,9,14,fda_regulator,3,True
K231470,5,21,5,15,fda_regulator,5,True
K231560,4,24,2,17,fda_regulator,0,True
K231570,6,26,0,13,fda_regulator,0,False
K231572,2,18,0,3,fda_regulator,0,False
K231587,4,24,2,21,fda_regulator,2,True
K231617,4,25,4,6,fda_regulator,0,True
K231631,5,22,9,19,fda_regulator,0,False
K231642,4,22,0,10,fda_regulator,1,False
K231668,2,17,0,7,fda_regulator,0,False
K231677,4,27,1,14,fda_regulator,7,True
K231678,6,20,0,8,fda_regulator,20,False
K231683,3,31,0,7,fda_regulator,1,False
K231690,2,23,18,22,fda_regulator,0,True
K231748,2,21,0,10,fda_regulator,1,False
K231757,5,23,4,5,fda_regulator,1,False
K231764,3,20,4,7,fda_regulator,0,False
K231765,3,22,0,7,fda_regulator,3,False
K231767,4,21,1,19,fda_regulator,4,False
K231772,2,25,0,8,fda_regulator,7,False
K231779,3,32,4,14,fda_regulator,9,True
K231805,6,24,4,18,fda_regulator,14,True
K231833,5,20,2,8,fda_regulator,2,True
K231837,6,32,6,21,fda_regulator,32,False
K231855,4,21,0,12,fda_regulator,3,False
K231871,4,23,0,28,device_algorithm,60,False
K231898,1,25,0,12,fda_regulator,0,False
K231917,2,29,1,16,fda_regulator,1,False
K231928,8,21,4,13,fda_regulator,0,False
K231929,3,23,0,9,fda_regulator,5,False
K231955,4,23,0,13,fda_regulator,3,False
K231965,2,29,4,14,fda_regulator,8,False
K231966,3,31,8,10,fda_regulator,4,False
K231989,2,28,6,12,fda_regulator,4,False
K232000,5,25,5,9,fda_regulator,3,True
K232023,2,22,0,24,device_algorithm,0,False
K232035,5,22,7,16,fda_regulator,2,False
K232045,2,23,0,12,fda_regulator,2,False
K232083,5,22,0,22,fda_regulator,0,False
K232096,6,34,1,12,fda_regulator,6,False
K232140,3,22,0,13,fda_regulator,3,False
K232145,3,24,7,10,fda_regulator,2,True
K232148,3,25,1,38,device_algorithm,4,False
K232156,2,21,29,20,clinician_hcp,3,True
K232231,6,22,2,8,fda_regulator,0,False
K232237,4,36,14,17,fda_regulator,29,False
K232250,2,22,0,9,fda_regulator,2,False
K232257,5,27,3,13,fda_regulator,0,False
K232305,4,26,0,13,fda_regulator,4,False
K232322,4,38,4,12,fda_regulator,1,True
K232331,1,22,4,13,fda_regulator,1,True
K232363,4,22,4,15,fda_regulator,0,True
K232367,1,22,1,7,fda_regulator,0,True
K232381,3,30,8,7,fda_regulator,2,False
K232384,6,28,3,18,fda_regulator,17,True
K232410,5,23,1,19,fda_regulator,12,False
K232412,5,48,3,6,fda_regulator,3,True
K232416,2,25,0,5,fda_regulator,2,False
K232431,8,22,2,10,fda_regulator,11,False
K232436,4,23,8,20,fda_regulator,36,False
K232440,2,24,1,20,fda_regulator,5,False
K232479,4,28,1,21,fda_regulator,1,False
K232482,4,26,2,6,fda_regulator,0,True
K232491,3,57,2,8,fda_regulator,0,False
K232494,4,24,2,7,fda_regulator,0,True
K232496,4,23,4,31,device_algorithm,19,False
K232500,3,21,0,12,fda_regulator,0,False
K232501,3,26,0,10,fda_regulator,2,False
K232526,2,19,0,7,fda_regulator,0,False
K232535,4,24,2,14,fda_regulator,1,True
K232613,4,24,4,17,fda_regulator,2,False
K232616,2,23,0,6,fda_regulator,0,False
K232661,3,24,0,12,fda_regulator,0,False
K232686,3,21,3,15,fda_regulator,8,False
K232698,3,25,1,11,fda_regulator,0,False
K232699,5,18,3,16,fda_regulator,19,False
K232704,5,26,0,6,fda_regulator,0,False
K232712,2,22,0,6,fda_regulator,2,False
K232751,4,22,2,22,fda_regulator,16,False
K232760,2,25,4,5,fda_regulator,0,False
K232765,4,24,2,20,fda_regulator,2,True
K232787,7,22,0,12,fda_regulator,4,False
K232799,10,24,0,12,fda_regulator,0,False
K232808,3,25,4,5,fda_regulator,0,False
K232835,2,24,5,9,fda_regulator,2,False
K232841,5,31,0,17,fda_regulator,2,False
K232856,3,25,7,20,fda_regulator,0,False
K232899,7,27,0,17,fda_regulator,2,False
K232915,4,30,0,11,fda_regulator,24,False
K232923,7,24,1,13,fda_regulator,1,False
K232928,2,23,0,18,fda_regulator,1,False
K233030,4,28,1,27,fda_regulator,4,False
K233080,2,25,0,14,fda_regulator,0,False
K233108,2,22,6,15,fda_regulator,14,False
K233112,3,33,0,9,fda_regulator,4,False
K233176,2,21,0,14,fda_regulator,0,False
K233186,8,19,1,11,fda_regulator,0,False
K233195,2,24,0,5,fda_regulator,0,False
K233196,6,22,0,15,fda_regulator,1,False
K233209,2,23,0,14,fda_regulator,0,False
K233211,2,23,4,23,fda_regulator,0,True
K233216,3,27,4,12,fda_regulator,21,False
K233243,4,24,3,11,fda_regulator,7,True
K233247,3,22,0,16,fda_regulator,27,False
K233249,2,23,0,9,fda_regulator,0,False
K233253,2,22,0,11,fda_regulator,39,False
K233334,2,23,3,6,fda_regulator,2,False
K233342,4,22,22,23,device_algorithm,6,True
K233409,2,23,2,16,fda_regulator,13,False
K233438,2,27,13,22,fda_regulator,0,False
K233457,5,22,5,19,fda_regulator,2,True
K233512,2,22,7,10,fda_regulator,0,True
K233543,1,30,0,17,fda_regulator,0,False
K233545,3,24,0,4,fda_regulator,0,False
K233549,2,23,0,14,fda_regulator,9,False
K233562,2,21,0,6,fda_regulator,0,False
K233568,2,23,4,22,fda_regulator,1,True
K233582,2,25,8,9,fda_regulator,0,True
K233590,6,22,3,14,fda_regulator,35,False
K233618,8,25,0,17,fda_regulator,5,False
K233625,5,25,0,12,fda_regulator,0,False
K233650,3,32,6,16,fda_regulator,7,True
K233657,3,31,2,13,fda_regulator,12,True
K233666,3,24,3,17,fda_regulator,10,False
K233673,2,22,4,9,fda_regulator,0,True
K233676,3,23,4,16,fda_regulator,2,False
K233677,6,23,2,9,fda_regulator,2,True
K233687,3,23,4,19,fda_regulator,0,False
K233692,3,36,2,6,fda_regulator,0,False
K233698,3,27,0,15,fda_regulator,0,False
K233728,2,31,2,4,fda_regulator,0,True
K233731,4,32,4,13,fda_regulator,0,True
K233738,6,24,3,13,fda_regulator,7,False
K233749,4,27,0,7,fda_regulator,0,False
K233753,4,26,1,13,fda_regulator,2,False
K233755,4,33,5,10,fda_regulator,3,False
K233788,3,24,0,9,fda_regulator,5,False
K233822,2,21,0,8,fda_regulator,8,False
K233826,1,22,1,5,fda_regulator,0,True
K233864,2,21,4,12,fda_regulator,0,False
K233925,6,21,0,6,fda_regulator,0,False
K233955,4,29,1,21,fda_regulator,1,False
K233964,4,34,0,12,fda_regulator,2,False
K233968,4,22,3,28,device_algorithm,9,False
K233977,2,22,0,20,fda_regulator,7,False
K233984,6,22,6,4,fda_regulator,4,False
K233992,2,19,0,12,fda_regulator,1,False
K233998,5,28,4,24,fda_regulator,0,False
K234009,4,26,0,15,fda_regulator,4,False
K234042,5,24,4,20,fda_regulator,0,False
K234047,2,24,0,12,fda_regulator,10,False
K234068,6,21,0,7,fda_regulator,1,False
K234141,4,24,8,21,fda_regulator,20,True
K234154,2,22,1,5,fda_regulator,2,False
K240003,4,26,3,13,fda_regulator,57,False
K240013,4,28,9,29,device_algorithm,13,True
K240036,7,30,3,20,fda_regulator,0,False
K240044,2,40,4,26,fda_regulator,15,True
K240058,3,29,1,13,fda_regulator,43,False
K240062,7,23,0,6,fda_regulator,5,False
K240094,3,28,0,20,fda_regulator,2,False
K240172,2,23,0,23,fda_regulator,0,False
K240200,10,38,2,11,fda_regulator,0,False
K240238,2,25,2,13,fda_regulator,1,False
K240285,3,29,8,13,fda_regulator,24,False
K240290,7,26,1,21,fda_regulator,0,False
K240291,4,24,2,16,fda_regulator,4,False
K240294,3,25,11,13,fda_regulator,0,False
K240301,4,22,5,11,fda_regulator,15,False
K240353,7,25,3,12,fda_regulator,41,False
K240369,1,22,28,21,clinician_hcp,0,True
K240398,2,28,0,37,device_algorithm,8,False
K240406,5,36,2,13,fda_regulator,4,False
K240408,3,31,5,14,fda_regulator,9,False
K240411,11,24,1,15,fda_regulator,0,False
K240417,5,26,7,12,fda_regulator,7,False
K240465,1,26,4,7,fda_regulator,6,False
K240516,2,23,0,9,fda_regulator,4,False
K240540,2,23,5,6,fda_regulator,0,True
K240553,3,22,0,6,fda_regulator,2,False
K240554,3,23,5,9,fda_regulator,1,False
K240555,4,41,19,33,fda_regulator,70,False
K240582,2,29,2,14,fda_regulator,4,False
K240612,3,21,0,18,fda_regulator,10,False
K240631,2,23,0,8,fda_regulator,7,False
K240642,3,21,0,10,fda_regulator,2,False
K240645,4,22,6,10,fda_regulator,1,False
K240680,6,34,2,17,fda_regulator,5,False
K240697,15,23,14,43,device_algorithm,12,False
K240704,3,25,10,5,fda_regulator,4,True
K240712,2,31,13,38,device_algorithm,47,False
K240736,3,21,2,11,fda_regulator,0,False
K240740,5,22,8,22,fda_regulator,3,False
K240744,2,22,6,6,fda_regulator,2,True
K240769,3,21,1,7,fda_regulator,0,False
K240773,3,23,0,24,device_algorithm,4,False
K240781,2,23,0,11,fda_regulator,0,False
K240791,3,23,0,14,fda_regulator,3,False
K240793,7,31,12,22,fda_regulator,3,False
K240795,5,25,0,19,fda_regulator,6,False
K240845,6,23,0,16,fda_regulator,38,False
K240850,3,27,1,9,fda_regulator,0,False
K240860,6,28,16,28,fda_regulator,46,False
K240926,4,36,0,12,fda_regulator,1,False
K240929,5,29,1,22,fda_regulator,12,False
K240942,4,23,8,24,device_algorithm,8,False
K240943,1,21,0,6,fda_regulator,5,False
K240944,2,25,3,5,fda_regulator,0,False
K240953,2,33,0,18,fda_regulator,2,False
K240980,3,26,2,19,fda_regulator,1,True
K240993,7,25,21,38,device_algorithm,41,False
K241009,2,25,4,6,fda_regulator,4,False
K241029,4,29,1,7,fda_regulator,6,False
K241038,3,22,0,12,fda_regulator,0,False
K241079,2,22,3,7,fda_regulator,0,False
K241083,2,21,0,12,fda_regulator,1,False
K241098,3,23,4,20,fda_regulator,4,False
K241108,6,41,4,19,fda_regulator,1,False
K241112,4,21,5,15,fda_regulator,0,False
K241121,5,22,0,8,fda_regulator,0,False
K241166,2,22,0,10,fda_regulator,0,False
K241197,7,30,5,7,fda_regulator,0,False
K241200,3,23,0,9,fda_regulator,4,False
K241211,4,29,3,19,fda_regulator,1,False
K241222,2,27,0,13,fda_regulator,1,False
K241232,3,23,0,23,fda_regulator,45,False
K241242,2,31,2,6,fda_regulator,0,False
K241245,3,23,5,22,fda_regulator,13,True
K241280,4,24,7,8,fda_regulator,2,False
K241292,3,22,0,9,fda_regulator,0,False
K241312,8,22,5,17,fda_regulator,1,True
K241329,7,21,2,8,fda_regulator,0,False
K241331,5,23,0,16,fda_regulator,2,False
K241350,4,31,1,13,fda_regulator,0,False
K241380,4,26,3,39,device_algorithm,10,False
K241390,2,26,5,16,fda_regulator,12,False
K241429,3,24,5,13,fda_regulator,0,False
K241430,4,22,3,16,fda_regulator,2,True
K241439,4,24,0,21,fda_regulator,52,False
K241440,2,25,12,26,device_algorithm,0,False
K241480,6,25,2,15,fda_regulator,9,False
K241481,2,25,0,9,fda_regulator,10,False
K241490,3,26,2,26,fda_regulator,0,False
K241496,2,24,2,5,fda_regulator,0,False
K241508,2,23,0,11,fda_regulator,0,False
K241543,3,23,10,21,fda_regulator,2,False
K241546,6,24,2,5,fda_regulator,0,False
K241561,5,27,18,22,fda_regulator,6,False
K241582,2,26,1,11,fda_regulator,0,False
K241585,1,22,0,10,fda_regulator,5,False
K241593,3,23,1,21,fda_regulator,1,False
K241596,1,21,3,5,fda_regulator,2,True
K241620,3,23,1,16,fda_regulator,37,False
K241633,2,30,0,9,fda_regulator,4,False
K241659,3,27,6,17,fda_regulator,1,True
K241665,5,26,1,5,fda_regulator,1,False
K241671,6,25,0,7,fda_regulator,0,False
K241676,6,25,0,5,fda_regulator,39,False
K241681,6,23,0,10,fda_regulator,0,False
K241684,6,26,3,18,fda_regulator,1,False
K241696,2,22,1,22,fda_regulator,0,False
K241719,6,22,7,15,fda_regulator,30,False
K241725,4,29,1,16,fda_regulator,48,False
K241727,4,21,2,21,fda_regulator,25,False
K241747,2,25,2,14,fda_regulator,2,False
K241770,2,28,4,30,device_algorithm,25,False
K241831,10,44,1,14,fda_regulator,29,False
K241837,5,24,0,29,device_algorithm,2,False
K241847,1,21,2,13,fda_regulator,0,True
K241887,4,34,0,12,fda_regulator,2,False
K241891,6,28,9,44,device_algorithm,28,False
K241922,4,24,5,15,fda_regulator,0,True
K241923,4,25,2,18,fda_regulator,5,False
K241949,3,24,0,7,fda_regulator,4,False
K241960,3,26,9,6,fda_regulator,0,False
K241961,6,22,0,8,fda_regulator,2,False
K241971,2,25,0,13,fda_regulator,2,False
K241982,6,23,1,17,fda_regulator,1,False
K241984,2,24,0,9,fda_regulator,5,False
K242005,3,28,0,7,fda_regulator,0,False
K242020,3,29,0,5,fda_regulator,0,False
K242054,4,24,0,12,fda_regulator,1,False
K242062,6,25,5,6,fda_regulator,5,False
K242094,5,26,2,24,fda_regulator,0,False
K242123,7,23,7,19,fda_regulator,0,False
K242129,4,23,6,9,fda_regulator,23,False
K242130,5,25,30,31,device_algorithm,173,False
K242166,7,24,5,15,fda_regulator,2,False
K242168,2,40,8,16,fda_regulator,10,False
K242171,7,27,1,16,fda_regulator,73,False
K242188,2,34,8,18,fda_regulator,4,False
K242203,4,22,5,16,fda_regulator,0,False
K242215,4,22,3,11,fda_regulator,7,False
K242240,2,23,2,15,fda_regulator,0,False
K242270,7,24,5,29,device_algorithm,16,False
K242275,5,23,5,8,fda_regulator,4,True
K242292,3,23,3,17,fda_regulator,8,False
K242295,2,22,4,13,fda_regulator,9,True
K242300,5,23,3,8,fda_regulator,0,True
K242323,2,24,4,8,fda_regulator,4,False
K242334,3,23,0,14,fda_regulator,0,False
K242338,3,22,3,26,device_algorithm,0,False
K242342,4,28,7,17,fda_regulator,28,True
K242359,2,27,0,9,fda_regulator,2,False
K242362,2,21,0,8,fda_regulator,1,False
K242388,2,24,0,6,fda_regulator,4,False
K242403,2,23,5,11,fda_regulator,2,False
K242437,2,29,0,18,fda_regulator,28,False
K242444,3,25,0,12,fda_regulator,2,False
K242447,6,24,7,15,fda_regulator,2,True
K242461,5,25,2,29,device_algorithm,1,False
K242467,2,24,1,24,fda_regulator,6,False
K242480,3,23,0,11,fda_regulator,10,False
K242488,1,41,3,6,fda_regulator,0,False
K242500,3,23,1,12,fda_regulator,4,False
K242511,2,25,0,14,fda_regulator,7,False
K242522,3,28,6,20,fda_regulator,9,False
K242523,3,26,11,7,fda_regulator,3,True
K242551,2,32,0,21,fda_regulator,0,False
K242583,11,29,18,36,device_algorithm,8,True
K242594,7,24,0,16,fda_regulator,43,False
K242600,3,22,5,23,device_algorithm,19,False
K242607,4,20,5,23,device_algorithm,1,False
K242624,2,22,0,16,fda_regulator,0,False
K242652,4,22,5,14,fda_regulator,2,True
K242683,4,24,4,18,fda_regulator,13,False
K242729,4,22,0,11,fda_regulator,4,False
K242737,4,32,0,18,fda_regulator,8,False
K242745,6,27,0,19,fda_regulator,0,False
K242748,2,23,4,13,fda_regulator,2,False
K242781,3,24,9,34,device_algorithm,2,True
K242798,3,25,0,10,fda_regulator,2,False
K242800,4,28,0,10,fda_regulator,4,False
K242807,8,30,9,22,fda_regulator,19,False
K242821,4,26,2,24,fda_regulator,4,False
K242822,6,22,0,10,fda_regulator,4,False
K242825,1,23,0,5,fda_regulator,0,False
K242830,2,24,0,6,fda_regulator,5,False
K242837,4,22,2,22,fda_regulator,23,False
K242838,9,38,1,6,fda_regulator,2,False
K242919,2,23,11,8,fda_regulator,6,False
K242925,5,32,1,18,fda_regulator,3,True
K242967,2,24,0,18,fda_regulator,5,False
K242994,5,24,0,15,fda_regulator,0,False
K243005,3,37,2,16,fda_regulator,6,False
K243038,6,24,4,12,fda_regulator,0,False
K243042,7,26,2,10,fda_regulator,1,False
K243065,1,26,3,15,fda_regulator,0,False
K243122,2,22,3,11,fda_regulator,5,True
K243144,6,27,0,12,fda_regulator,0,False
K243145,8,27,3,8,fda_regulator,4,False
K243158,7,22,2,27,device_algorithm,1,False
K243189,4,29,11,11,fda_regulator,2,False
K243209,5,22,0,19,fda_regulator,0,False
K243229,1,23,38,23,clinician_hcp,0,True
K243230,3,23,5,20,fda_regulator,0,False
K243234,3,23,7,21,fda_regulator,14,False
K243235,3,22,0,7,fda_regulator,0,False
K243239,2,29,2,27,fda_regulator,15,False
K243250,8,26,1,25,fda_regulator,0,False
K243253,6,25,4,11,fda_regulator,0,False
K243268,2,28,3,10,fda_regulator,56,False
K243292,2,24,0,19,fda_regulator,5,False
K243294,5,25,29,18,clinician_hcp,9,True
K243331,3,25,0,8,fda_regulator,0,False
K243335,2,25,2,7,fda_regulator,0,False
K243341,4,33,7,14,fda_regulator,16,False
K243350,3,22,8,13,fda_regulator,5,True
K243363,5,24,4,13,fda_regulator,21,False
K243376,4,23,1,8,fda_regulator,12,False
K243378,2,22,1,10,fda_regulator,0,False
K243397,2,24,3,14,fda_regulator,5,True
K243446,3,28,2,7,fda_regulator,0,True
K243449,6,27,0,11,fda_regulator,7,False
K243481,9,23,0,10,fda_regulator,3,False
K243523,3,32,5,16,fda_regulator,3,True
K243538,1,23,3,5,fda_regulator,0,True
K243547,2,25,4,24,fda_regulator,5,True
K243548,4,17,2,22,device_algorithm,25,False
K243558,4,27,12,23,fda_regulator,7,False
K243567,4,39,7,26,fda_regulator,63,False
K243611,5,24,10,16,fda_regulator,28,False
K243614,6,37,4,21,fda_regulator,19,False
K243617,2,24,0,14,fda_regulator,4,False
K243620,4,26,0,8,fda_regulator,0,False
K243628,3,27,0,8,fda_regulator,0,False
K243633,1,20,0,15,fda_regulator,1,False
K243647,5,21,0,8,fda_regulator,0,False
K243651,4,30,2,12,fda_regulator,0,True
K243657,2,23,2,10,fda_regulator,14,True
K243667,2,28,0,13,fda_regulator,1,False
K243672,5,34,4,14,fda_regulator,0,True
K243679,5,27,5,27,fda_regulator,16,False
K243681,7,26,0,13,fda_regulator,2,False
K243684,4,31,1,21,fda_regulator,3,False
K243685,4,27,3,33,device_algorithm,0,False
K243687,8,22,1,20,fda_regulator,4,False
K243688,2,25,2,14,fda_regulator,0,False
K243689,6,24,2,12,fda_regulator,0,True
K243696,6,22,0,11,fda_regulator,0,False
K243702,2,25,0,9,fda_regulator,0,False
K243705,2,22,2,11,fda_regulator,0,False
K243743,4,23,2,20,fda_regulator,34,False
K243762,3,22,0,12,fda_regulator,1,False
K243769,4,22,0,11,fda_regulator,0,False
K243779,2,23,8,15,fda_regulator,0,True
K243793,3,29,0,8,fda_regulator,0,False
K243794,3,26,0,14,fda_regulator,0,False
K243808,5,20,0,18,fda_regulator,32,False
K243810,4,22,0,16,fda_regulator,1,False
K243812,2,23,0,14,fda_regulator,0,False
K243831,7,24,2,18,fda_regulator,25,True
K243851,3,23,1,12,fda_regulator,31,True
K243853,5,31,1,24,fda_regulator,3,False
K243859,4,40,8,31,fda_regulator,3,False
K243862,3,22,0,10,fda_regulator,12,False
K243863,2,24,5,18,fda_regulator,1,False
K243866,2,22,9,19,fda_regulator,8,False
K243878,4,25,0,18,fda_regulator,0,False
K243884,2,40,0,14,fda_regulator,8,False
K243891,3,22,3,8,fda_regulator,4,False
K243893,3,24,5,28,device_algorithm,13,False
K243919,2,31,0,9,fda_regulator,0,False
K243933,2,24,4,25,device_algorithm,1,True
K243937,2,25,1,13,fda_regulator,6,False
K243950,5,24,0,7,fda_regulator,1,False
K243955,2,24,0,14,fda_regulator,1,False
K243989,3,24,4,21,fda_regulator,4,False
K244002,5,24,4,12,fda_regulator,0,False
K244023,2,22,0,10,fda_regulator,0,False
K244027,4,26,6,14,fda_regulator,4,False
K250003,4,30,0,11,fda_regulator,44,False
K250005,9,24,2,12,fda_regulator,3,False
K250023,3,22,1,15,fda_regulator,2,False
K250035,3,21,0,8,fda_regulator,3,False
K250042,4,22,0,11,fda_regulator,1,False
K250064,5,24,2,22,fda_regulator,0,False
K250086,3,22,0,16,fda_regulator,4,False
K250087,2,28,4,9,fda_regulator,4,False
K250096,3,32,1,35,device_algorithm,1,False
K250119,2,25,0,17,fda_regulator,6,False
K250151,2,19,4,23,device_algorithm,18,False
K250177,3,27,0,5,fda_regulator,0,False
K250186,1,27,0,6,fda_regulator,0,False
K250221,3,23,22,20,fda_regulator,15,True
K250226,4,32,1,20,fda_regulator,2,False
K250236,2,27,3,6,fda_regulator,0,False
K250237,3,29,5,19,fda_regulator,0,True
K250246,2,22,5,19,fda_regulator,0,True
K250248,4,18,2,19,device_algorithm,19,False
K250255,2,24,0,8,fda_regulator,8,False
K250264,2,23,0,14,fda_regulator,11,False
K250268,5,43,0,13,fda_regulator,0,False
K250288,6,22,1,27,device_algorithm,3,False
K250290,5,35,0,17,fda_regulator,2,False
K250328,2,24,0,6,fda_regulator,0,False
K250330,2,24,3,8,fda_regulator,4,True
K250337,3,32,11,21,fda_regulator,3,False
K250354,3,22,4,19,fda_regulator,0,False
K250367,5,29,6,21,fda_regulator,0,False
K250369,5,32,0,35,device_algorithm,4,False
K250370,8,22,0,6,fda_regulator,1,False
K250379,2,29,2,5,fda_regulator,0,True
K250416,3,21,12,15,fda_regulator,3,False
K250427,3,22,3,32,device_algorithm,4,False
K250436,3,22,2,12,fda_regulator,2,True
K250440,2,21,0,18,fda_regulator,1,False
K250443,3,22,2,16,fda_regulator,0,False
K250484,8,29,4,19,fda_regulator,0,False
K250507,4,35,1,30,fda_regulator,26,False
K250515,4,29,0,9,fda_regulator,14,False
K250525,3,24,6,35,device_algorithm,12,False
K250543,3,28,2,7,fda_regulator,0,False
K250569,7,20,7,9,fda_regulator,1,False
K250649,3,24,6,23,fda_regulator,22,False
K250650,3,23,0,10,fda_regulator,0,False
K250652,5,25,5,20,fda_regulator,4,False
K250660,1,30,1,8,fda_regulator,0,False
K250662,1,25,46,29,clinician_hcp,0,True
K250670,7,24,1,6,fda_regulator,1,False
K250685,1,20,4,38,device_algorithm,94,False
K250686,3,25,7,10,fda_regulator,12,False
K250694,6,19,6,23,device_algorithm,7,False
K250738,1,32,2,19,fda_regulator,1,False
K250749,2,23,5,6,fda_regulator,0,True
K250753,3,28,0,27,fda_regulator,5,False
K250754,1,23,1,9,fda_regulator,0,True
K250755,6,23,0,9,fda_regulator,0,False
K250766,2,35,2,7,fda_regulator,2,True
K250780,1,21,0,11,fda_regulator,6,False
K250788,4,23,1,13,fda_regulator,0,False
K250818,8,25,1,17,fda_regulator,10,False
K250831,4,25,1,21,fda_regulator,7,False
K250877,9,22,0,12,fda_regulator,3,False
K250882,2,24,6,15,fda_regulator,16,False
K250886,3,28,0,9,fda_regulator,0,False
K250901,2,26,2,8,fda_regulator,0,False
K250902,8,28,7,21,fda_regulator,6,True
K250914,3,25,2,16,fda_regulator,3,False
K250932,7,31,5,8,fda_regulator,0,False
K250941,3,28,0,9,fda_regulator,0,False
K250959,1,22,1,21,fda_regulator,7,False
K250984,2,30,2,16,fda_regulator,4,False
K250999,2,39,0,16,fda_regulator,7,False
K251002,4,27,2,15,fda_regulator,9,False
K251009,2,23,1,6,fda_regulator,2,False
K251027,3,27,1,24,fda_regulator,1,False
K251029,4,25,4,13,fda_regulator,3,False
K251059,2,26,1,17,fda_regulator,0,False
K251071,3,19,6,14,fda_regulator,28,False
K251072,2,23,5,17,fda_regulator,3,False
K251078,6,34,4,13,fda_regulator,4,False
K251082,10,39,2,15,fda_regulator,0,False
K251096,3,19,0,12,fda_regulator,1,False
K251106,2,24,3,6,fda_regulator,4,False
K251110,2,22,2,11,fda_regulator,15,False
K251126,2,23,0,15,fda_regulator,0,False
K251151,3,23,1,16,fda_regulator,3,False
K251153,2,25,3,8,fda_regulator,0,False
K251167,2,24,1,8,fda_regulator,4,False
K251169,3,23,4,11,fda_regulator,7,False
K251203,8,23,2,12,fda_regulator,0,False
K251221,1,19,1,9,fda_regulator,12,False
K251276,1,23,3,7,fda_regulator,0,False
K251293,4,23,6,25,device_algorithm,26,False
K251316,1,20,4,9,fda_regulator,10,False
K251322,1,30,4,8,fda_regulator,1,False
K251342,3,30,2,6,fda_regulator,3,False
K251355,2,32,2,8,fda_regulator,0,False
K251368,5,23,2,43,device_algorithm,18,False
K251370,1,21,0,16,fda_regulator,2,False
K251386,2,22,4,18,fda_regulator,0,False
K251397,1,21,2,9,fda_regulator,2,True
K251399,1,26,2,6,fda_regulator,0,True
K251406,4,23,2,22,fda_regulator,17,False
K251408,9,25,15,15,fda_regulator,41,True
K251416,2,29,1,18,fda_regulator,11,False
K251455,2,23,1,10,fda_regulator,0,False
K251456,4,30,3,22,fda_regulator,3,False
K251481,2,20,10,6,fda_regulator,1,True
K251483,3,23,1,13,fda_regulator,6,False
K251494,2,23,4,26,device_algorithm,23,False
K251506,8,20,1,21,device_algorithm,8,False
K251514,5,25,5,25,fda_regulator,9,False
K251518,1,21,1,19,fda_regulator,0,False
K251527,2,26,0,13,fda_regulator,1,False
K251528,3,20,5,11,fda_regulator,0,True
K251532,3,19,0,23,device_algorithm,4,False
K251533,2,23,1,13,fda_regulator,5,False
K251590,2,24,4,23,fda_regulator,46,False
K251602,2,25,2,8,fda_regulator,0,False
K251610,3,20,4,21,device_algorithm,10,False
K251629,3,19,0,25,device_algorithm,0,False
K251639,1,20,0,7,fda_regulator,5,False
K251651,2,24,0,7,fda_regulator,0,False
K251656,4,21,4,19,fda_regulator,2,False
K251657,8,32,1,16,fda_regulator,2,False
K251673,6,23,1,13,fda_regulator,2,False
K251682,10,25,4,22,fda_regulator,4,False
K251747,2,36,2,20,fda_regulator,1,False
K251763,5,25,1,22,fda_regulator,0,False
K251766,3,26,10,13,fda_regulator,2,False
K251822,4,32,5,8,fda_regulator,0,True
K251837,8,25,6,17,fda_regulator,0,False
K251839,1,20,2,13,fda_regulator,3,True
K251873,1,22,2,16,fda_regulator,0,False
K251931,2,20,0,27,device_algorithm,4,False
K251936,1,25,8,24,fda_regulator,11,False
K251963,2,32,2,14,fda_regulator,22,False
K251983,5,20,5,39,device_algorithm,39,False
K251985,2,32,2,14,fda_regulator,22,False
K251987,2,18,7,14,fda_regulator,7,True
K252007,6,27,2,18,fda_regulator,4,False
K252029,5,27,4,15,fda_regulator,0,False
K252041,6,27,6,31,device_algorithm,4,False
K252054,6,32,0,20,fda_regulator,6,False
K252074,2,26,0,9,fda_regulator,0,False
K252086,6,24,0,19,fda_regulator,10,False
K252103,3,19,0,31,device_algorithm,6,False
K252105,2,19,2,15,fda_regulator,4,False
K252178,2,23,2,9,fda_regulator,0,False
K252204,3,28,0,14,fda_regulator,2,False
K252214,2,23,0,14,fda_regulator,1,False
K252217,4,24,1,43,device_algorithm,3,False
K252235,3,36,3,20,fda_regulator,2,True
K252284,2,30,6,10,fda_regulator,13,False
K252294,3,24,6,16,fda_regulator,32,False
K252298,2,23,2,15,fda_regulator,4,False
K252328,1,30,3,13,fda_regulator,3,False
K252330,4,25,5,5,fda_regulator,0,False
K252362,5,23,11,14,fda_regulator,3,False
K252366,5,26,0,27,device_algorithm,31,False
K252371,1,20,7,6,fda_regulator,0,True
K252379,1,24,2,20,fda_regulator,5,False
K252452,3,19,0,14,fda_regulator,1,False
K252482,6,20,8,19,fda_regulator,15,False
K252497,3,25,6,12,fda_regulator,10,False
K252504,2,19,2,15,fda_regulator,0,False
K252539,4,28,1,7,fda_regulator,0,False
K252557,2,21,0,16,fda_regulator,4,False
K252586,1,21,3,24,device_algorithm,7,True
K252665,1,21,0,17,fda_regulator,8,False
K252670,5,24,3,18,fda_regulator,5,False
K252838,4,26,5,9,fda_regulator,0,True
K252856,4,23,0,12,fda_regulator,1,False
K252922,4,25,3,17,fda_regulator,3,False
K253091,5,19,0,9,fda_regulator,0,False
K253141,6,30,5,8,fda_regulator,1,False
K253265,3,20,1,21,device_algorithm,51,False
K253269,5,52,1,6,fda_regulator,1,True
K253310,5,22,0,8,fda_regulator,0,False
K253489,1,23,4,7,fda_regulator,1,False
K253516,1,24,3,6,fda_regulator,0,False
K253532,2,22,2,18,fda_regulator,0,True
K253664,1,21,0,13,fda_regulator,0,False
K955841,1,4,10,3,clinician_hcp,0,False
P000041,18,30,1,21,fda_regulator,1,False
P010034,18,30,2,14,fda_regulator,1,False
P040028,14,26,0,14,fda_regulator,1,False
P090012,1,30,1,10,fda_regulator,4,False
P110014,1,23,0,7,fda_regulator,7,False
P140011_S008,1,22,0,10,fda_regulator,0,False
P150043,1,21,0,10,fda_regulator,0,False
P150046,1,22,0,7,fda_regulator,0,False
P160009,1,22,1,8,fda_regulator,0,False
P200003,1,24,1,11,fda_regulator,0,False
P210011,1,24,0,9,fda_regulator,0,False
P210015,2,32,0,9,fda_regulator,1,False
P230022,2,30,0,10,fda_regulator,0,False
