device_id,eu_data_prep_doc,eu_representation_doc,eu_bias_mitigation_doc,eu_oversight_postmarket_doc,eu_structural_context_doc,eu_high_risk_score,eu_alignment_level
K003301,1,0,0,0,0,0.2,likely_non_aligned
K033840,1,0,0,0,0,0.2,likely_non_aligned
K043341,1,0,0,0,0,0.2,likely_non_aligned
K080595,1,0,0,0,0,0.2,likely_non_aligned
K080762,1,0,0,0,0,0.2,likely_non_aligned
K080896,1,0,0,0,0,0.2,likely_non_aligned
K081140,1,0,1,1,0,0.55,likely_non_aligned
K082483,1,0,0,1,0,0.35,likely_non_aligned
K092116,1,0,0,0,0,0.2,likely_non_aligned
K092967,1,0,0,0,0,0.2,likely_non_aligned
K102778,1,0,0,0,0,0.2,likely_non_aligned
K111776,1,0,0,0,0,0.2,likely_non_aligned
K120161,1,0,0,0,0,0.2,likely_non_aligned
K120489,1,0,0,0,0,0.2,likely_non_aligned
K120771,1,1,1,1,0,0.7500000000000001,likely_non_aligned
K121617,1,0,0,0,0,0.2,likely_non_aligned
K123526,1,0,0,0,0,0.2,likely_non_aligned
K130831,1,1,1,1,0,0.7500000000000001,likely_non_aligned
K131044,1,0,0,1,0,0.35,likely_non_aligned
K133259,1,0,1,0,0,0.4,likely_non_aligned
K133649,1,0,1,0,0,0.4,likely_non_aligned
K141069,1,0,0,0,0,0.2,likely_non_aligned
K141480,1,0,0,1,0,0.35,likely_non_aligned
K141922,1,0,0,1,0,0.35,likely_non_aligned
K142037,1,0,0,1,0,0.35,likely_non_aligned
K142512,1,0,0,1,0,0.35,likely_non_aligned
K142918,1,1,0,1,0,0.55,likely_non_aligned
K143643,1,0,0,1,0,0.35,likely_non_aligned
K150102,1,0,0,1,0,0.35,likely_non_aligned
K150817,1,0,1,1,0,0.55,likely_non_aligned
K152733,1,1,1,0,0,0.6000000000000001,likely_non_aligned
K153351,1,0,0,1,0,0.35,likely_non_aligned
K153427,1,1,0,1,0,0.55,likely_non_aligned
K160016,1,0,0,1,0,0.35,likely_non_aligned
K160088,1,0,0,1,0,0.35,likely_non_aligned
K160338,1,0,1,1,0,0.55,likely_non_aligned
K160401,1,0,0,0,0,0.2,likely_non_aligned
K161068,1,1,1,1,0,0.7500000000000001,likely_non_aligned
K161148,1,0,0,0,0,0.2,likely_non_aligned
K161201,1,0,1,0,0,0.4,likely_non_aligned
K161322,1,0,0,1,0,0.35,likely_non_aligned
K161382,1,0,1,0,0,0.4,likely_non_aligned
K161625,1,0,0,1,0,0.35,likely_non_aligned
K161772,1,0,0,0,0,0.2,likely_non_aligned
K161834,1,0,1,1,0,0.55,likely_non_aligned
K161959,1,0,0,1,0,0.35,likely_non_aligned
K162830,1,0,0,0,0,0.2,likely_non_aligned
K162855,1,0,0,1,0,0.35,likely_non_aligned
K163013,1,0,0,1,0,0.35,likely_non_aligned
K163138,1,0,0,1,0,0.35,likely_non_aligned
K163253,1,0,0,0,0,0.2,likely_non_aligned
K163339,1,0,0,1,0,0.35,likely_non_aligned
K163622,1,0,0,1,0,0.35,likely_non_aligned
K163623,1,0,0,1,0,0.35,likely_non_aligned
K163665,1,1,1,1,0,0.7500000000000001,likely_non_aligned
K163694,1,1,1,1,0,0.7500000000000001,likely_non_aligned
K170069,1,0,0,0,0,0.2,likely_non_aligned
K170172,1,0,0,0,0,0.2,likely_non_aligned
K170250,1,0,1,1,0,0.55,likely_non_aligned
K170540,1,1,0,0,0,0.4,likely_non_aligned
K170568,1,1,0,1,0,0.55,likely_non_aligned
K170747,1,0,1,1,0,0.55,likely_non_aligned
K170981,1,1,0,0,0,0.4,likely_non_aligned
K171056,1,0,0,1,0,0.35,likely_non_aligned
K171122,1,0,0,0,0,0.2,likely_non_aligned
K171315,1,0,0,0,0,0.2,likely_non_aligned
K171328,1,1,1,1,0,0.7500000000000001,likely_non_aligned
K171936,1,0,0,1,0,0.35,likely_non_aligned
K172122,1,0,0,1,0,0.35,likely_non_aligned
K172356,1,0,1,1,0,0.55,likely_non_aligned
K172385,1,0,0,1,0,0.35,likely_non_aligned
K172507,1,0,0,1,0,0.35,likely_non_aligned
K172803,1,0,0,1,0,0.35,likely_non_aligned
K172959,1,1,0,1,0,0.55,likely_non_aligned
K172983,1,1,1,0,0,0.6000000000000001,likely_non_aligned
K173327,1,0,1,1,0,0.55,likely_non_aligned
K173420,1,0,0,0,0,0.2,likely_non_aligned
K173444,1,0,0,0,0,0.2,likely_non_aligned
K173542,1,0,1,1,0,0.55,likely_non_aligned
K173574,1,0,0,1,0,0.35,likely_non_aligned
K173588,1,0,0,1,0,0.35,likely_non_aligned
K173605,1,0,1,1,0,0.55,likely_non_aligned
K173749,1,0,0,0,0,0.2,likely_non_aligned
K173780,1,1,1,1,0,0.7500000000000001,likely_non_aligned
K173810,1,0,0,1,0,0.35,likely_non_aligned
K173821,1,0,0,0,0,0.2,likely_non_aligned
K173839,1,0,0,0,0,0.2,likely_non_aligned
K173872,1,0,0,1,0,0.35,likely_non_aligned
K173939,1,0,0,1,0,0.35,likely_non_aligned
K180038,1,0,1,1,0,0.55,likely_non_aligned
K180091,1,0,0,0,0,0.2,likely_non_aligned
K180126,1,0,0,0,0,0.2,likely_non_aligned
K180161,1,0,0,1,0,0.35,likely_non_aligned
K180163,1,1,1,1,0,0.7500000000000001,likely_non_aligned
K180343,1,0,1,0,0,0.4,likely_non_aligned
K180432,1,0,0,1,0,0.35,likely_non_aligned
K180589,1,1,1,1,0,0.7500000000000001,likely_non_aligned
K180599,1,0,0,1,0,0.35,likely_non_aligned
K180647,1,0,0,0,0,0.2,likely_non_aligned
K180799,1,0,1,1,0,0.55,likely_non_aligned
K180867,1,0,0,1,0,0.35,likely_non_aligned
K181247,1,0,0,1,0,0.35,likely_non_aligned
K181288,1,0,1,0,0,0.4,likely_non_aligned
K181352,1,0,0,1,0,0.35,likely_non_aligned
K181502,1,0,1,1,0,0.55,likely_non_aligned
K181572,1,0,1,0,0,0.4,likely_non_aligned
K181574,1,0,0,1,0,0.35,likely_non_aligned
K181685,1,0,0,1,0,0.35,likely_non_aligned
K181704,1,0,1,1,0,0.55,likely_non_aligned
K181771,1,0,0,1,0,0.35,likely_non_aligned
K181823,1,1,0,1,0,0.55,likely_non_aligned
K181861,1,1,0,1,0,0.55,likely_non_aligned
K181892,1,0,0,1,0,0.35,likely_non_aligned
K181916,1,0,1,1,0,0.55,likely_non_aligned
K181939,1,0,0,0,0,0.2,likely_non_aligned
K181988,1,0,0,0,0,0.2,likely_non_aligned
K182034,1,1,0,1,0,0.55,likely_non_aligned
K182035,1,0,0,0,0,0.2,likely_non_aligned
K182112,1,0,1,0,0,0.4,likely_non_aligned
K182130,1,0,1,1,0,0.55,likely_non_aligned
K182149,1,1,0,1,0,0.55,likely_non_aligned
K182177,1,0,1,0,0,0.4,likely_non_aligned
K182181,1,0,0,1,0,0.35,likely_non_aligned
K182218,1,0,1,1,0,0.55,likely_non_aligned
K182310,1,0,1,1,0,0.55,likely_non_aligned
K182336,1,0,0,0,0,0.2,likely_non_aligned
K182344,1,1,0,1,0,0.55,likely_non_aligned
K182373,1,0,1,1,0,0.55,likely_non_aligned
K182384,1,0,1,0,0,0.4,likely_non_aligned
K182419,1,0,1,1,0,0.55,likely_non_aligned
K182456,1,1,1,1,0,0.7500000000000001,likely_non_aligned
K182513,1,0,0,0,0,0.2,likely_non_aligned
K182564,1,0,0,1,0,0.35,likely_non_aligned
K182616,1,0,0,0,0,0.2,likely_non_aligned
K182790,1,1,0,1,0,0.55,likely_non_aligned
K182798,1,0,0,1,0,0.35,likely_non_aligned
K182875,1,0,0,0,0,0.2,likely_non_aligned
K182901,1,0,0,1,0,0.35,likely_non_aligned
K183012,1,0,1,0,0,0.4,likely_non_aligned
K183019,1,0,1,0,0,0.4,likely_non_aligned
K183046,1,0,0,1,0,0.35,likely_non_aligned
K183089,1,1,0,1,0,0.55,likely_non_aligned
K183133,1,0,1,1,0,0.55,likely_non_aligned
K183182,1,1,0,0,0,0.4,likely_non_aligned
K183202,1,0,1,1,0,0.55,likely_non_aligned
K183204,1,0,0,0,0,0.2,likely_non_aligned
K183231,1,0,0,0,0,0.2,likely_non_aligned
K183268,1,0,1,1,0,0.55,likely_non_aligned
K183271,1,0,1,1,0,0.55,likely_non_aligned
K183272,1,0,1,1,0,0.55,likely_non_aligned
K183274,1,0,1,1,0,0.55,likely_non_aligned
K183282,1,0,0,1,0,0.35,likely_non_aligned
K183285,1,1,0,0,0,0.4,likely_non_aligned
K183322,1,1,0,1,0,0.55,likely_non_aligned
K183370,1,0,0,1,0,0.35,likely_non_aligned
K183460,1,0,0,1,0,0.35,likely_non_aligned
K183489,1,0,0,0,0,0.2,likely_non_aligned
K183593,0,0,0,0,0,0.0,likely_non_aligned
K183646,1,0,0,1,0,0.35,likely_non_aligned
K183648,1,0,1,0,0,0.4,likely_non_aligned
K183704,1,0,0,1,0,0.35,likely_non_aligned
K190013,1,0,1,1,0,0.55,likely_non_aligned
K190017,1,0,1,1,0,0.55,likely_non_aligned
K190072,1,0,0,0,0,0.2,likely_non_aligned
K190334,1,1,0,1,0,0.55,likely_non_aligned
K190362,1,1,0,0,0,0.4,likely_non_aligned
K190387,1,0,0,0,0,0.2,likely_non_aligned
K190424,1,1,0,0,0,0.4,likely_non_aligned
K190442,1,1,0,0,0,0.4,likely_non_aligned
K190529,1,1,0,0,0,0.4,likely_non_aligned
K190593,1,0,0,1,0,0.35,likely_non_aligned
K190764,1,0,0,1,0,0.35,likely_non_aligned
K190815,1,1,1,1,0,0.7500000000000001,likely_non_aligned
K190868,1,0,1,1,0,0.55,likely_non_aligned
K190896,1,0,0,0,0,0.2,likely_non_aligned
K190898,1,1,1,1,0,0.7500000000000001,likely_non_aligned
K190925,1,0,0,1,0,0.35,likely_non_aligned
K191026,1,0,0,0,0,0.2,likely_non_aligned
K191083,1,0,1,0,0,0.4,likely_non_aligned
K191125,1,0,0,0,0,0.2,likely_non_aligned
K191171,1,1,1,1,0,0.7500000000000001,likely_non_aligned
K191179,1,0,1,1,0,0.55,likely_non_aligned
K191183,1,1,0,1,0,0.55,likely_non_aligned
K191194,1,1,1,1,0,0.7500000000000001,likely_non_aligned
K191262,1,0,0,1,0,0.35,likely_non_aligned
K191278,1,0,0,0,0,0.2,likely_non_aligned
K191370,1,1,1,1,0,0.7500000000000001,likely_non_aligned
K191384,1,0,0,1,0,0.35,likely_non_aligned
K191493,1,0,0,0,0,0.2,likely_non_aligned
K191550,1,0,1,0,0,0.4,likely_non_aligned
K191556,1,0,0,0,0,0.2,likely_non_aligned
K191585,1,0,1,1,0,0.55,likely_non_aligned
K191647,1,0,0,1,0,0.35,likely_non_aligned
K191688,1,0,1,0,0,0.4,likely_non_aligned
K191713,1,0,1,1,0,0.55,likely_non_aligned
K191928,1,0,0,0,0,0.2,likely_non_aligned
K191994,1,0,1,1,0,0.55,likely_non_aligned
K192004,1,1,0,1,0,0.55,likely_non_aligned
K192051,1,1,0,1,0,0.55,likely_non_aligned
K192065,1,0,1,1,0,0.55,likely_non_aligned
K192107,1,0,0,1,0,0.35,likely_non_aligned
K192109,1,0,0,0,0,0.2,likely_non_aligned
K192130,1,0,1,1,0,0.55,likely_non_aligned
K192167,1,0,0,0,0,0.2,likely_non_aligned
K192279,1,0,1,1,0,0.55,likely_non_aligned
K192287,1,0,1,1,0,0.55,likely_non_aligned
K192304,1,0,0,1,0,0.35,likely_non_aligned
K192320,1,1,0,0,0,0.4,likely_non_aligned
K192377,1,0,0,1,0,0.35,likely_non_aligned
K192383,1,1,0,0,0,0.4,likely_non_aligned
K192388,1,0,0,1,0,0.35,likely_non_aligned
K192415,1,0,0,1,0,0.35,likely_non_aligned
K192437,1,0,0,1,0,0.35,likely_non_aligned
K192442,1,0,0,1,0,0.35,likely_non_aligned
K192455,1,0,0,1,0,0.35,likely_non_aligned
K192531,1,1,1,1,0,0.7500000000000001,likely_non_aligned
K192571,1,0,0,0,0,0.2,likely_non_aligned
K192574,1,0,0,1,0,0.35,likely_non_aligned
K192601,1,0,0,1,0,0.35,likely_non_aligned
K192665,1,0,1,1,0,0.55,likely_non_aligned
K192732,1,0,0,1,0,0.35,likely_non_aligned
K192763,1,0,1,1,0,0.55,likely_non_aligned
K192828,1,0,0,1,0,0.35,likely_non_aligned
K192832,1,0,0,1,0,0.35,likely_non_aligned
K192854,1,0,0,0,0,0.2,likely_non_aligned
K192880,1,0,0,1,0,0.35,likely_non_aligned
K192901,1,1,0,0,0,0.4,likely_non_aligned
K192945,1,0,1,0,0,0.4,likely_non_aligned
K192956,1,0,1,1,0,0.55,likely_non_aligned
K192962,1,0,0,0,0,0.2,likely_non_aligned
K192969,1,0,0,1,0,0.35,likely_non_aligned
K192973,1,1,0,0,0,0.4,likely_non_aligned
K193073,1,0,1,1,0,0.55,likely_non_aligned
K193087,1,0,0,1,0,0.35,likely_non_aligned
K193097,1,0,0,1,0,0.35,likely_non_aligned
K193109,1,0,0,1,0,0.35,likely_non_aligned
K193170,1,0,0,1,0,0.35,likely_non_aligned
K193176,1,0,0,0,0,0.2,likely_non_aligned
K193178,1,0,1,1,0,0.55,likely_non_aligned
K193210,1,0,1,1,0,0.55,likely_non_aligned
K193216,1,0,1,0,0,0.4,likely_non_aligned
K193220,1,0,0,1,0,0.35,likely_non_aligned
K193229,1,0,1,1,0,0.55,likely_non_aligned
K193248,1,0,1,1,0,0.55,likely_non_aligned
K193252,1,0,0,0,0,0.2,likely_non_aligned
K193267,1,1,1,1,0,0.7500000000000001,likely_non_aligned
K193271,1,1,0,0,0,0.4,likely_non_aligned
K193281,1,0,0,0,0,0.2,likely_non_aligned
K193282,1,0,1,0,0,0.4,likely_non_aligned
K193283,1,0,1,1,0,0.55,likely_non_aligned
K193287,1,1,0,0,0,0.4,likely_non_aligned
K193289,1,0,1,0,0,0.4,likely_non_aligned
K193290,1,1,1,1,0,0.7500000000000001,likely_non_aligned
K193294,1,0,1,1,0,0.55,likely_non_aligned
K193298,1,0,0,0,0,0.2,likely_non_aligned
K193300,1,1,0,0,0,0.4,likely_non_aligned
K193306,1,0,0,0,0,0.2,likely_non_aligned
K193351,1,0,0,0,0,0.2,likely_non_aligned
K193417,1,1,1,0,0,0.6000000000000001,likely_non_aligned
K193518,1,0,0,1,0,0.35,likely_non_aligned
K193562,1,0,1,1,0,0.55,likely_non_aligned
K193631,1,1,0,1,0,0.55,likely_non_aligned
K193658,1,1,1,0,0,0.6000000000000001,likely_non_aligned
K200036,1,1,0,1,0,0.55,likely_non_aligned
K200232,1,0,1,0,0,0.4,likely_non_aligned
K200323,1,0,1,1,0,0.55,likely_non_aligned
K200356,1,0,0,0,0,0.2,likely_non_aligned
K200497,1,0,0,1,0,0.35,likely_non_aligned
K200569,1,0,0,0,0,0.2,likely_non_aligned
K200595,1,0,1,0,0,0.4,likely_non_aligned
K200621,1,0,0,1,0,0.35,likely_non_aligned
K200667,1,1,1,0,0,0.6000000000000001,likely_non_aligned
K200708,1,0,0,1,0,0.35,likely_non_aligned
K200714,1,1,1,1,0,0.7500000000000001,likely_non_aligned
K200717,1,1,1,1,0,0.7500000000000001,likely_non_aligned
K200743,1,0,0,1,0,0.35,likely_non_aligned
K200750,1,0,0,1,0,0.35,likely_non_aligned
K200755,1,0,0,0,0,0.2,likely_non_aligned
K200760,1,0,0,1,0,0.35,likely_non_aligned
K200828,1,1,1,1,0,0.7500000000000001,likely_non_aligned
K200833,1,0,0,1,0,0.35,likely_non_aligned
K200851,1,0,0,1,0,0.35,likely_non_aligned
K200852,1,0,0,1,0,0.35,likely_non_aligned
K200855,1,0,0,0,0,0.2,likely_non_aligned
K200873,1,0,0,0,0,0.2,likely_non_aligned
K200905,1,1,0,0,0,0.4,likely_non_aligned
K200921,1,0,1,0,0,0.4,likely_non_aligned
K200941,1,0,0,1,0,0.35,likely_non_aligned
K200974,1,0,0,0,0,0.2,likely_non_aligned
K200980,1,1,1,0,0,0.6000000000000001,likely_non_aligned
K200990,1,0,1,1,0,0.55,likely_non_aligned
K201012,1,0,0,1,0,0.35,likely_non_aligned
K201019,1,0,1,1,0,0.55,likely_non_aligned
K201020,1,1,0,0,0,0.4,likely_non_aligned
K201034,1,1,1,0,0,0.6000000000000001,likely_non_aligned
K201039,1,0,1,1,0,0.55,likely_non_aligned
K201103,1,0,0,1,0,0.35,likely_non_aligned
K201195,1,0,1,1,0,0.55,likely_non_aligned
K201232,1,0,0,0,0,0.2,likely_non_aligned
K201298,1,0,0,1,0,0.35,likely_non_aligned
K201301,1,0,0,0,0,0.2,likely_non_aligned
K201310,1,1,1,0,0,0.6000000000000001,likely_non_aligned
K201369,1,0,0,1,0,0.35,likely_non_aligned
K201411,1,0,0,1,0,0.35,likely_non_aligned
K201444,1,0,1,0,0,0.4,likely_non_aligned
K201555,1,0,0,0,0,0.2,likely_non_aligned
K201560,1,0,0,1,0,0.35,likely_non_aligned
K201615,1,1,0,1,0,0.55,likely_non_aligned
K201632,1,0,0,0,0,0.2,likely_non_aligned
K201710,1,1,0,1,0,0.55,likely_non_aligned
K201745,1,0,1,1,0,0.55,likely_non_aligned
K201836,1,0,0,1,0,0.35,likely_non_aligned
K201841,1,1,0,1,0,0.55,likely_non_aligned
K201985,1,0,0,1,0,0.35,likely_non_aligned
K201992,1,0,0,0,0,0.2,likely_non_aligned
K202013,1,0,0,0,0,0.2,likely_non_aligned
K202089,1,0,0,0,0,0.2,likely_non_aligned
K202170,1,0,0,1,0,0.35,likely_non_aligned
K202212,1,0,0,0,0,0.2,likely_non_aligned
K202229,1,0,1,1,0,0.55,likely_non_aligned
K202238,1,0,1,0,0,0.4,likely_non_aligned
K202280,1,0,1,1,0,0.55,likely_non_aligned
K202284,1,0,0,0,0,0.2,likely_non_aligned
K202300,1,1,1,1,0,0.7500000000000001,likely_non_aligned
K202404,1,0,0,1,0,0.35,likely_non_aligned
K202414,1,1,0,1,0,0.55,likely_non_aligned
K202441,1,0,1,0,0,0.4,likely_non_aligned
K202487,1,1,0,0,0,0.4,likely_non_aligned
K202501,1,0,0,1,0,0.35,likely_non_aligned
K202527,1,0,1,1,0,0.55,likely_non_aligned
K202546,1,0,0,0,0,0.2,likely_non_aligned
K202700,1,0,1,0,0,0.4,likely_non_aligned
K202718,1,0,1,1,0,0.55,likely_non_aligned
K202767,1,0,0,0,0,0.2,likely_non_aligned
K202927,1,1,1,1,0,0.7500000000000001,likely_non_aligned
K202928,1,0,0,0,0,0.2,likely_non_aligned
K202990,1,0,0,0,0,0.2,likely_non_aligned
K202992,1,1,0,0,0,0.4,likely_non_aligned
K203042,1,0,0,1,0,0.35,likely_non_aligned
K203103,1,0,0,1,0,0.35,likely_non_aligned
K203169,1,0,0,1,0,0.35,likely_non_aligned
K203182,1,0,0,0,0,0.2,likely_non_aligned
K203225,1,0,0,1,0,0.35,likely_non_aligned
K203235,1,0,0,0,0,0.2,likely_non_aligned
K203256,1,0,0,0,0,0.2,likely_non_aligned
K203258,1,0,1,0,0,0.4,likely_non_aligned
K203260,1,0,0,0,0,0.2,likely_non_aligned
K203280,1,0,0,1,0,0.35,likely_non_aligned
K203314,1,0,0,1,0,0.35,likely_non_aligned
K203323,1,0,0,0,0,0.2,likely_non_aligned
K203329,1,0,0,1,0,0.35,likely_non_aligned
K203443,1,0,1,1,0,0.55,likely_non_aligned
K203448,1,0,1,1,0,0.55,likely_non_aligned
K203469,1,0,0,0,0,0.2,likely_non_aligned
K203502,1,0,0,0,0,0.2,likely_non_aligned
K203508,1,1,0,0,0,0.4,likely_non_aligned
K203514,1,1,0,1,0,0.55,likely_non_aligned
K203517,1,1,0,0,0,0.4,likely_non_aligned
K203555,1,0,0,0,0,0.2,likely_non_aligned
K203578,1,0,0,1,0,0.35,likely_non_aligned
K203582,1,0,0,1,0,0.35,likely_non_aligned
K203610,1,1,0,0,0,0.4,likely_non_aligned
K203617,1,0,0,1,0,0.35,likely_non_aligned
K203629,1,0,1,1,0,0.55,likely_non_aligned
K203696,1,0,0,0,0,0.2,likely_non_aligned
K203744,1,0,0,1,0,0.35,likely_non_aligned
K203783,1,0,1,1,0,0.55,likely_non_aligned
K203785,1,1,0,1,0,0.55,likely_non_aligned
K203822,1,0,1,1,0,0.55,likely_non_aligned
K210001,1,0,1,1,0,0.55,likely_non_aligned
K210034,1,1,0,1,0,0.55,likely_non_aligned
K210053,1,1,0,0,0,0.4,likely_non_aligned
K210069,1,0,1,0,0,0.4,likely_non_aligned
K210071,1,0,0,0,0,0.2,likely_non_aligned
K210085,1,1,1,0,0,0.6000000000000001,likely_non_aligned
K210187,1,1,1,0,0,0.6000000000000001,likely_non_aligned
K210209,1,1,1,0,0,0.6000000000000001,likely_non_aligned
K210237,1,0,0,0,0,0.2,likely_non_aligned
K210365,1,1,0,0,0,0.4,likely_non_aligned
K210404,1,0,1,1,0,0.55,likely_non_aligned
K210426,1,0,0,1,0,0.35,likely_non_aligned
K210438,1,0,0,1,0,0.35,likely_non_aligned
K210458,1,0,1,1,0,0.55,likely_non_aligned
K210484,1,0,1,1,0,0.55,likely_non_aligned
K210543,1,0,1,1,0,0.55,likely_non_aligned
K210556,1,0,1,0,0,0.4,likely_non_aligned
K210611,1,0,1,1,0,0.55,likely_non_aligned
K210632,1,0,0,0,0,0.2,likely_non_aligned
K210645,1,0,1,0,0,0.4,likely_non_aligned
K210666,1,0,1,1,0,0.55,likely_non_aligned
K210670,1,0,1,1,0,0.55,likely_non_aligned
K210719,1,1,1,1,0,0.7500000000000001,likely_non_aligned
K210747,1,1,1,0,0,0.6000000000000001,likely_non_aligned
K210760,1,0,1,0,0,0.4,likely_non_aligned
K210791,1,1,1,1,0,0.7500000000000001,likely_non_aligned
K210807,1,0,0,1,0,0.35,likely_non_aligned
K210822,1,1,0,1,0,0.55,likely_non_aligned
K210831,1,0,0,1,0,0.35,likely_non_aligned
K210999,1,0,0,1,0,0.35,likely_non_aligned
K211118,1,0,0,0,0,0.2,likely_non_aligned
K211161,1,0,0,0,0,0.2,likely_non_aligned
K211179,1,0,0,0,0,0.2,likely_non_aligned
K211222,1,0,0,0,0,0.2,likely_non_aligned
K211279,1,0,1,1,0,0.55,likely_non_aligned
K211326,1,0,0,1,0,0.35,likely_non_aligned
K211379,1,0,1,0,0,0.4,likely_non_aligned
K211431,1,0,1,0,0,0.4,likely_non_aligned
K211443,1,0,0,1,0,0.35,likely_non_aligned
K211459,1,0,1,1,0,0.55,likely_non_aligned
K211506,1,0,1,1,0,0.55,likely_non_aligned
K211541,1,0,1,1,0,0.55,likely_non_aligned
K211597,1,0,0,0,0,0.2,likely_non_aligned
K211611,1,0,0,0,0,0.2,likely_non_aligned
K211655,1,0,0,1,0,0.35,likely_non_aligned
K211678,1,0,1,0,0,0.4,likely_non_aligned
K211733,1,0,0,0,0,0.2,likely_non_aligned
K211764,1,0,1,1,0,0.55,likely_non_aligned
K211788,1,0,0,0,0,0.2,likely_non_aligned
K211803,1,1,0,0,0,0.4,likely_non_aligned
K211824,1,0,1,1,0,0.55,likely_non_aligned
K211828,1,0,0,1,0,0.35,likely_non_aligned
K211841,1,1,0,1,0,0.55,likely_non_aligned
K211846,1,0,0,1,0,0.35,likely_non_aligned
K211867,1,0,1,0,0,0.4,likely_non_aligned
K211881,1,0,0,0,0,0.2,likely_non_aligned
K211906,1,1,0,1,0,0.55,likely_non_aligned
K211945,1,0,0,1,0,0.35,likely_non_aligned
K211951,1,0,0,1,0,0.35,likely_non_aligned
K211964,1,0,0,0,0,0.2,likely_non_aligned
K211966,1,1,0,1,0,0.55,likely_non_aligned
K211980,1,0,0,1,0,0.35,likely_non_aligned
K212005,1,0,1,1,0,0.55,likely_non_aligned
K212012,1,0,0,1,0,0.35,likely_non_aligned
K212067,1,0,0,1,0,0.35,likely_non_aligned
K212074,1,0,0,1,0,0.35,likely_non_aligned
K212100,1,0,0,1,0,0.35,likely_non_aligned
K212116,1,0,0,0,0,0.2,likely_non_aligned
K212218,1,0,0,1,0,0.35,likely_non_aligned
K212219,1,0,0,1,0,0.35,likely_non_aligned
K212230,1,0,0,1,0,0.35,likely_non_aligned
K212261,1,1,1,0,0,0.6000000000000001,likely_non_aligned
K212265,1,0,0,1,0,0.35,likely_non_aligned
K212269,1,0,1,1,0,0.55,likely_non_aligned
K212274,1,1,1,1,0,0.7500000000000001,likely_non_aligned
K212333,1,0,0,1,0,0.35,likely_non_aligned
K212336,1,0,0,1,0,0.35,likely_non_aligned
K212365,1,1,1,0,0,0.6000000000000001,likely_non_aligned
K212383,1,0,1,1,0,0.55,likely_non_aligned
K212441,1,0,0,1,0,0.35,likely_non_aligned
K212442,1,1,0,0,0,0.4,likely_non_aligned
K212456,1,0,0,0,0,0.2,likely_non_aligned
K212466,1,1,1,0,0,0.6000000000000001,likely_non_aligned
K212516,1,1,0,1,0,0.55,likely_non_aligned
K212519,1,1,1,1,0,0.7500000000000001,likely_non_aligned
K212616,1,1,0,0,0,0.4,likely_non_aligned
K212624,1,1,1,1,0,0.7500000000000001,likely_non_aligned
K212654,1,1,0,1,0,0.55,likely_non_aligned
K212662,1,1,0,1,0,0.55,likely_non_aligned
K212690,1,0,0,0,0,0.2,likely_non_aligned
K212704,1,0,0,0,0,0.2,likely_non_aligned
K212758,1,1,0,1,0,0.55,likely_non_aligned
K212783,1,1,1,0,0,0.6000000000000001,likely_non_aligned
K212915,1,0,0,0,0,0.2,likely_non_aligned
K212960,1,0,0,1,0,0.35,likely_non_aligned
K213037,1,0,1,1,0,0.55,likely_non_aligned
K213096,1,0,1,1,0,0.55,likely_non_aligned
K213155,1,1,0,0,0,0.4,likely_non_aligned
K213165,1,1,1,1,0,0.7500000000000001,likely_non_aligned
K213272,1,1,0,0,0,0.4,likely_non_aligned
K213275,1,1,1,1,0,0.7500000000000001,likely_non_aligned
K213305,1,0,0,1,0,0.35,likely_non_aligned
K213307,1,0,1,0,0,0.4,likely_non_aligned
K213319,1,1,0,0,0,0.4,likely_non_aligned
K213353,1,0,1,0,0,0.4,likely_non_aligned
K213357,1,1,0,1,0,0.55,likely_non_aligned
K213409,1,1,1,1,0,0.7500000000000001,likely_non_aligned
K213436,1,0,0,1,0,0.35,likely_non_aligned
K213504,1,0,0,1,0,0.35,likely_non_aligned
K213544,1,0,0,0,0,0.2,likely_non_aligned
K213566,1,1,1,1,0,0.7500000000000001,likely_non_aligned
K213583,1,0,0,1,0,0.35,likely_non_aligned
K213603,1,0,0,1,0,0.35,likely_non_aligned
K213628,1,0,0,0,0,0.2,likely_non_aligned
K213642,1,0,0,1,0,0.35,likely_non_aligned
K213645,1,0,0,0,0,0.2,likely_non_aligned
K213657,1,0,1,1,0,0.55,likely_non_aligned
K213668,1,0,0,1,0,0.35,likely_non_aligned
K213686,1,1,0,1,0,0.55,likely_non_aligned
K213689,1,0,0,1,0,0.35,likely_non_aligned
K213693,1,0,1,1,0,0.55,likely_non_aligned
K213706,1,1,1,1,0,0.7500000000000001,likely_non_aligned
K213713,1,0,1,1,0,0.55,likely_non_aligned
K213717,1,0,0,0,0,0.2,likely_non_aligned
K213721,1,0,0,0,0,0.2,likely_non_aligned
K213725,1,0,0,1,0,0.35,likely_non_aligned
K213737,1,0,0,1,0,0.35,likely_non_aligned
K213760,1,1,1,0,0,0.6000000000000001,likely_non_aligned
K213776,1,0,1,1,0,0.55,likely_non_aligned
K213779,1,0,0,0,0,0.2,likely_non_aligned
K213794,1,1,0,1,0,0.55,likely_non_aligned
K213795,1,1,0,0,0,0.4,likely_non_aligned
K213857,1,0,0,1,0,0.35,likely_non_aligned
K213882,1,1,0,0,0,0.4,likely_non_aligned
K213886,1,1,0,0,0,0.4,likely_non_aligned
K213938,1,0,0,1,0,0.35,likely_non_aligned
K213941,1,1,1,0,0,0.6000000000000001,likely_non_aligned
K213944,1,1,1,0,0,0.6000000000000001,likely_non_aligned
K213960,1,0,1,1,0,0.55,likely_non_aligned
K213971,1,1,1,1,0,0.7500000000000001,likely_non_aligned
K213976,1,0,0,0,0,0.2,likely_non_aligned
K213986,1,1,0,0,0,0.4,likely_non_aligned
K213998,1,0,0,0,0,0.2,likely_non_aligned
K213999,1,0,1,1,0,0.55,likely_non_aligned
K214019,1,0,1,0,0,0.4,likely_non_aligned
K214036,1,1,0,1,0,0.55,likely_non_aligned
K214043,1,1,0,0,0,0.4,likely_non_aligned
K214081,1,0,1,1,0,0.55,likely_non_aligned
K220013,1,0,0,0,0,0.2,likely_non_aligned
K220034,1,1,1,0,0,0.6000000000000001,likely_non_aligned
K220043,1,0,1,1,0,0.55,likely_non_aligned
K220068,1,1,0,0,0,0.4,likely_non_aligned
K220080,1,1,0,0,0,0.4,likely_non_aligned
K220105,1,1,0,0,0,0.4,likely_non_aligned
K220141,1,0,1,0,0,0.4,likely_non_aligned
K220151,1,0,1,1,0,0.55,likely_non_aligned
K220164,1,1,1,0,0,0.6000000000000001,likely_non_aligned
K220192,1,0,0,1,0,0.35,likely_non_aligned
K220264,1,0,0,0,0,0.2,likely_non_aligned
K220332,1,1,0,0,0,0.4,likely_non_aligned
K220349,1,0,0,1,0,0.35,likely_non_aligned
K220358,1,1,0,1,0,0.55,likely_non_aligned
K220408,1,1,0,0,0,0.4,likely_non_aligned
K220416,1,1,0,1,0,0.55,likely_non_aligned
K220437,1,1,0,0,0,0.4,likely_non_aligned
K220439,1,1,0,0,0,0.4,likely_non_aligned
K220446,1,0,0,1,0,0.35,likely_non_aligned
K220497,1,1,1,1,0,0.7500000000000001,likely_non_aligned
K220499,1,1,0,1,0,0.55,likely_non_aligned
K220575,1,0,1,1,0,0.55,likely_non_aligned
K220589,1,0,1,1,0,0.55,likely_non_aligned
K220590,1,0,0,1,0,0.35,likely_non_aligned
K220598,1,1,0,1,0,0.55,likely_non_aligned
K220619,1,1,0,1,0,0.55,likely_non_aligned
K220624,1,1,1,0,0,0.6000000000000001,likely_non_aligned
K220709,1,1,0,0,0,0.4,likely_non_aligned
K220766,1,1,0,1,0,0.55,likely_non_aligned
K220783,1,1,1,0,0,0.6000000000000001,likely_non_aligned
K220786,1,0,0,1,0,0.35,likely_non_aligned
K220800,1,1,0,1,0,0.55,likely_non_aligned
K220813,1,1,1,0,0,0.6000000000000001,likely_non_aligned
K220815,1,1,0,1,0,0.55,likely_non_aligned
K220848,1,1,0,1,0,0.55,likely_non_aligned
K220851,1,1,0,1,0,0.55,likely_non_aligned
K220882,1,1,0,1,0,0.55,likely_non_aligned
K220899,1,1,0,1,0,0.55,likely_non_aligned
K220928,1,1,1,1,0,0.7500000000000001,likely_non_aligned
K220939,1,0,1,1,0,0.55,likely_non_aligned
K220940,1,1,0,1,0,0.55,likely_non_aligned
K220956,1,0,1,1,0,0.55,likely_non_aligned
K220961,1,0,0,1,0,0.35,likely_non_aligned
K220975,1,1,0,1,0,0.55,likely_non_aligned
K220986,1,0,0,1,0,0.35,likely_non_aligned
K221100,1,1,0,0,0,0.4,likely_non_aligned
K221106,1,0,0,1,0,0.35,likely_non_aligned
K221147,1,1,0,1,0,0.55,likely_non_aligned
K221148,1,1,0,1,0,0.55,likely_non_aligned
K221179,1,1,0,1,0,0.55,likely_non_aligned
K221183,1,1,0,1,0,0.55,likely_non_aligned
K221203,1,0,0,1,0,0.35,likely_non_aligned
K221219,1,1,1,0,0,0.6000000000000001,likely_non_aligned
K221240,1,1,0,0,0,0.4,likely_non_aligned
K221241,1,1,0,0,0,0.4,likely_non_aligned
K221248,1,1,0,1,0,0.55,likely_non_aligned
K221305,1,1,1,1,0,0.7500000000000001,likely_non_aligned
K221309,1,1,1,0,0,0.6000000000000001,likely_non_aligned
K221314,1,1,0,0,0,0.4,likely_non_aligned
K221330,1,1,0,1,0,0.55,likely_non_aligned
K221347,1,1,1,1,0,0.7500000000000001,likely_non_aligned
K221393,1,0,0,0,0,0.2,likely_non_aligned
K221432,1,1,0,0,0,0.4,likely_non_aligned
K221449,1,1,1,1,0,0.7500000000000001,likely_non_aligned
K221456,1,1,0,1,0,0.55,likely_non_aligned
K221463,1,0,1,0,0,0.4,likely_non_aligned
K221552,1,1,0,0,0,0.4,likely_non_aligned
K221564,1,1,1,1,0,0.7500000000000001,likely_non_aligned
K221592,1,1,0,0,0,0.4,likely_non_aligned
K221599,1,1,0,1,0,0.55,likely_non_aligned
K221624,1,0,1,0,0,0.4,likely_non_aligned
K221632,1,1,1,0,0,0.6000000000000001,likely_non_aligned
K221680,1,0,0,1,0,0.35,likely_non_aligned
K221706,1,0,0,0,0,0.2,likely_non_aligned
K221716,1,1,0,0,0,0.4,likely_non_aligned
K221727,1,0,1,0,0,0.4,likely_non_aligned
K221733,1,0,1,1,0,0.55,likely_non_aligned
K221738,1,1,0,0,0,0.4,likely_non_aligned
K221762,1,1,0,1,0,0.55,likely_non_aligned
K221772,1,1,0,1,0,0.55,likely_non_aligned
K221868,1,1,0,0,0,0.4,likely_non_aligned
K221892,1,1,0,0,0,0.4,likely_non_aligned
K221921,1,1,0,1,0,0.55,likely_non_aligned
K221923,1,0,0,0,0,0.2,likely_non_aligned
K221962,1,0,0,1,0,0.35,likely_non_aligned
K222036,1,0,1,1,0,0.55,likely_non_aligned
K222070,1,0,0,1,0,0.35,likely_non_aligned
K222076,1,1,0,0,0,0.4,likely_non_aligned
K222172,1,0,1,1,0,0.55,likely_non_aligned
K222174,1,1,0,0,0,0.4,likely_non_aligned
K222176,1,1,1,0,0,0.6000000000000001,likely_non_aligned
K222179,1,1,0,0,0,0.4,likely_non_aligned
K222268,1,1,0,0,0,0.4,likely_non_aligned
K222275,1,1,0,0,0,0.4,likely_non_aligned
K222277,1,1,0,0,0,0.4,likely_non_aligned
K222312,1,0,0,0,0,0.2,likely_non_aligned
K222329,1,1,0,0,0,0.4,likely_non_aligned
K222360,1,1,1,1,0,0.7500000000000001,likely_non_aligned
K222361,1,1,1,1,0,0.7500000000000001,likely_non_aligned
K222389,1,0,1,1,0,0.55,likely_non_aligned
K222406,1,0,1,1,0,0.55,likely_non_aligned
K222428,1,1,1,1,0,0.7500000000000001,likely_non_aligned
K222458,1,0,0,1,0,0.35,likely_non_aligned
K222579,1,0,0,1,0,0.35,likely_non_aligned
K222593,1,1,0,0,0,0.4,likely_non_aligned
K222676,1,1,0,0,0,0.4,likely_non_aligned
K222692,1,1,0,0,0,0.4,likely_non_aligned
K222728,1,1,0,0,0,0.4,likely_non_aligned
K222745,1,0,0,0,0,0.2,likely_non_aligned
K222746,1,1,1,1,0,0.7500000000000001,likely_non_aligned
K222755,1,1,1,0,0,0.6000000000000001,likely_non_aligned
K222803,1,0,0,0,0,0.2,likely_non_aligned
K222819,1,0,0,1,0,0.35,likely_non_aligned
K222884,1,1,1,1,0,0.7500000000000001,likely_non_aligned
K222921,1,0,0,0,0,0.2,likely_non_aligned
K222970,1,1,0,0,0,0.4,likely_non_aligned
K223028,1,0,1,1,0,0.55,likely_non_aligned
K223032,1,0,0,0,0,0.2,likely_non_aligned
K223042,1,0,0,0,0,0.2,likely_non_aligned
K223073,1,1,1,1,0,0.7500000000000001,likely_non_aligned
K223106,1,0,1,1,0,0.55,likely_non_aligned
K223133,1,1,1,0,0,0.6000000000000001,likely_non_aligned
K223180,1,1,1,1,0,0.7500000000000001,likely_non_aligned
K223212,1,0,0,1,0,0.35,likely_non_aligned
K223240,1,1,0,0,0,0.4,likely_non_aligned
K223247,1,1,0,0,0,0.4,likely_non_aligned
K223268,1,1,0,1,0,0.55,likely_non_aligned
K223287,1,0,0,0,0,0.2,likely_non_aligned
K223288,1,0,1,1,0,0.55,likely_non_aligned
K223296,1,1,1,0,0,0.6000000000000001,likely_non_aligned
K223311,1,0,0,1,0,0.35,likely_non_aligned
K223325,1,0,0,1,0,0.35,likely_non_aligned
K223343,1,1,1,1,0,0.7500000000000001,likely_non_aligned
K223347,1,0,0,0,0,0.2,likely_non_aligned
K223357,1,1,1,0,0,0.6000000000000001,likely_non_aligned
K223387,1,1,1,1,0,0.7500000000000001,likely_non_aligned
K223396,1,1,1,1,0,0.7500000000000001,likely_non_aligned
K223424,1,0,0,1,0,0.35,likely_non_aligned
K223426,1,0,0,0,0,0.2,likely_non_aligned
K223439,1,0,0,1,0,0.35,likely_non_aligned
K223442,1,0,0,1,0,0.35,likely_non_aligned
K223443,1,1,0,0,0,0.4,likely_non_aligned
K223458,1,0,0,1,0,0.35,likely_non_aligned
K223473,1,1,1,1,0,0.7500000000000001,likely_non_aligned
K223490,1,1,0,1,0,0.55,likely_non_aligned
K223491,1,1,0,0,0,0.4,likely_non_aligned
K223501,1,1,1,1,0,0.7500000000000001,likely_non_aligned
K223502,1,0,1,0,0,0.4,likely_non_aligned
K223504,1,1,1,1,0,0.7500000000000001,likely_non_aligned
K223514,1,0,0,1,0,0.35,likely_non_aligned
K223516,1,0,0,1,0,0.35,likely_non_aligned
K223523,1,1,0,0,0,0.4,likely_non_aligned
K223539,1,1,0,1,0,0.55,likely_non_aligned
K223552,1,0,0,0,0,0.2,likely_non_aligned
K223553,1,0,0,0,0,0.2,likely_non_aligned
K223556,1,1,0,0,0,0.4,likely_non_aligned
K223621,1,1,0,0,0,0.4,likely_non_aligned
K223622,1,1,0,1,0,0.55,likely_non_aligned
K223623,1,0,1,0,0,0.4,likely_non_aligned
K223630,1,0,0,1,0,0.35,likely_non_aligned
K223639,1,1,1,0,0,0.6000000000000001,likely_non_aligned
K223646,1,1,1,0,0,0.6000000000000001,likely_non_aligned
K223659,1,0,0,0,0,0.2,likely_non_aligned
K223724,1,1,0,1,0,0.55,likely_non_aligned
K223726,1,0,0,1,0,0.35,likely_non_aligned
K223734,1,0,1,1,0,0.55,likely_non_aligned
K223738,1,0,0,0,0,0.2,likely_non_aligned
K223754,1,1,0,0,0,0.4,likely_non_aligned
K223757,1,1,0,0,0,0.4,likely_non_aligned
K223771,1,1,0,1,0,0.55,likely_non_aligned
K223774,1,0,0,0,0,0.2,likely_non_aligned
K223811,1,0,1,0,0,0.4,likely_non_aligned
K223830,1,1,0,1,0,0.55,likely_non_aligned
K223855,1,1,0,0,0,0.4,likely_non_aligned
K223864,1,0,0,1,0,0.35,likely_non_aligned
K223905,1,0,0,1,0,0.35,likely_non_aligned
K230020,1,1,0,0,0,0.4,likely_non_aligned
K230023,1,1,1,0,0,0.6000000000000001,likely_non_aligned
K230039,1,1,1,1,0,0.7500000000000001,likely_non_aligned
K230045,1,0,0,1,0,0.35,likely_non_aligned
K230074,1,1,0,1,0,0.55,likely_non_aligned
K230082,1,1,0,1,0,0.55,likely_non_aligned
K230084,1,1,1,1,0,0.7500000000000001,likely_non_aligned
K230085,1,0,1,0,0,0.4,likely_non_aligned
K230096,1,0,1,1,0,0.55,likely_non_aligned
K230112,1,1,1,0,0,0.6000000000000001,likely_non_aligned
K230144,1,1,1,0,0,0.6000000000000001,likely_non_aligned
K230150,1,0,0,1,0,0.35,likely_non_aligned
K230179,1,1,1,1,0,0.7500000000000001,likely_non_aligned
K230197,1,1,0,1,0,0.55,likely_non_aligned
K230208,1,0,0,0,0,0.2,likely_non_aligned
K230209,1,1,0,1,0,0.55,likely_non_aligned
K230220,1,1,0,1,0,0.55,likely_non_aligned
K230223,1,1,1,0,0,0.6000000000000001,likely_non_aligned
K230252,1,0,0,1,0,0.35,likely_non_aligned
K230264,1,1,0,1,0,0.55,likely_non_aligned
K230273,1,0,1,1,0,0.55,likely_non_aligned
K230292,1,0,0,1,0,0.35,likely_non_aligned
K230337,1,1,0,0,0,0.4,likely_non_aligned
K230346,1,1,1,1,0,0.7500000000000001,likely_non_aligned
K230355,1,1,0,1,0,0.55,likely_non_aligned
K230365,1,1,0,0,0,0.4,likely_non_aligned
K230370,1,1,1,1,0,0.7500000000000001,likely_non_aligned
K230497,1,1,0,0,0,0.4,likely_non_aligned
K230534,1,1,1,0,0,0.6000000000000001,likely_non_aligned
K230552,1,1,1,0,0,0.6000000000000001,likely_non_aligned
K230553,1,0,0,1,0,0.35,likely_non_aligned
K230575,1,0,0,0,0,0.2,likely_non_aligned
K230658,1,0,0,1,0,0.35,likely_non_aligned
K230685,1,1,0,1,0,0.55,likely_non_aligned
K230751,1,1,0,1,0,0.55,likely_non_aligned
K230772,1,0,0,1,0,0.35,likely_non_aligned
K230807,1,0,1,1,0,0.55,likely_non_aligned
K230812,1,1,1,1,0,0.7500000000000001,likely_non_aligned
K230823,1,1,0,1,0,0.55,likely_non_aligned
K230842,1,1,1,1,0,0.7500000000000001,likely_non_aligned
K230850,1,1,0,0,0,0.4,likely_non_aligned
K230854,1,1,0,1,0,0.55,likely_non_aligned
K230899,1,1,0,0,0,0.4,likely_non_aligned
K230913,1,0,0,1,0,0.35,likely_non_aligned
K230977,1,0,0,0,0,0.2,likely_non_aligned
K231001,1,1,1,1,0,0.7500000000000001,likely_non_aligned
K231010,1,1,0,1,0,0.55,likely_non_aligned
K231025,1,1,0,0,0,0.4,likely_non_aligned
K231038,1,1,1,1,0,0.7500000000000001,likely_non_aligned
K231068,1,1,1,1,0,0.7500000000000001,likely_non_aligned
K231094,1,1,0,0,0,0.4,likely_non_aligned
K231130,1,1,1,1,0,0.7500000000000001,likely_non_aligned
K231143,1,0,1,1,0,0.55,likely_non_aligned
K231149,1,1,0,0,0,0.4,likely_non_aligned
K231157,1,0,1,0,0,0.4,likely_non_aligned
K231173,1,1,1,1,0,0.7500000000000001,likely_non_aligned
K231190,1,0,0,1,0,0.35,likely_non_aligned
K231195,1,1,1,0,0,0.6000000000000001,likely_non_aligned
K231207,1,0,0,1,0,0.35,likely_non_aligned
K231281,1,0,0,1,0,0.35,likely_non_aligned
K231324,1,1,0,1,0,0.55,likely_non_aligned
K231335,1,1,1,1,0,0.7500000000000001,likely_non_aligned
K231355,1,0,0,1,0,0.35,likely_non_aligned
K231384,1,1,0,0,0,0.4,likely_non_aligned
K231396,1,1,1,0,0,0.6000000000000001,likely_non_aligned
K231398,1,0,1,0,0,0.4,likely_non_aligned
K231459,1,1,1,1,0,0.7500000000000001,likely_non_aligned
K231470,1,1,0,1,0,0.55,likely_non_aligned
K231560,1,1,1,1,0,0.7500000000000001,likely_non_aligned
K231570,1,0,1,1,0,0.55,likely_non_aligned
K231572,1,0,0,1,0,0.35,likely_non_aligned
K231587,1,1,1,1,0,0.7500000000000001,likely_non_aligned
K231617,1,1,1,1,0,0.7500000000000001,likely_non_aligned
K231631,1,1,1,0,0,0.6000000000000001,likely_non_aligned
K231642,1,0,0,0,0,0.2,likely_non_aligned
K231668,1,1,1,0,0,0.6000000000000001,likely_non_aligned
K231677,1,1,1,1,0,0.7500000000000001,likely_non_aligned
K231678,1,1,1,0,0,0.6000000000000001,likely_non_aligned
K231683,1,1,0,1,0,0.55,likely_non_aligned
K231690,1,1,0,0,0,0.4,likely_non_aligned
K231748,1,0,0,1,0,0.35,likely_non_aligned
K231757,1,0,0,0,0,0.2,likely_non_aligned
K231764,1,1,0,1,0,0.55,likely_non_aligned
K231765,1,1,0,0,0,0.4,likely_non_aligned
K231767,1,1,0,0,0,0.4,likely_non_aligned
K231772,1,1,0,1,0,0.55,likely_non_aligned
K231779,1,1,0,1,0,0.55,likely_non_aligned
K231805,1,1,0,0,0,0.4,likely_non_aligned
K231833,1,0,1,1,0,0.55,likely_non_aligned
K231837,1,1,0,1,0,0.55,likely_non_aligned
K231855,1,1,0,0,0,0.4,likely_non_aligned
K231871,1,1,0,0,0,0.4,likely_non_aligned
K231898,1,1,0,1,0,0.55,likely_non_aligned
K231917,1,1,0,0,0,0.4,likely_non_aligned
K231928,1,1,0,0,0,0.4,likely_non_aligned
K231929,1,1,1,1,0,0.7500000000000001,likely_non_aligned
K231955,1,0,0,0,0,0.2,likely_non_aligned
K231965,1,1,0,1,0,0.55,likely_non_aligned
K231966,1,1,0,1,0,0.55,likely_non_aligned
K231989,1,1,0,1,0,0.55,likely_non_aligned
K232000,1,0,1,1,0,0.55,likely_non_aligned
K232023,1,1,1,1,0,0.7500000000000001,likely_non_aligned
K232035,1,1,0,1,0,0.55,likely_non_aligned
K232045,1,1,0,0,0,0.4,likely_non_aligned
K232083,1,1,1,0,0,0.6000000000000001,likely_non_aligned
K232096,1,1,1,1,0,0.7500000000000001,likely_non_aligned
K232140,1,1,1,1,0,0.7500000000000001,likely_non_aligned
K232145,1,1,1,1,0,0.7500000000000001,likely_non_aligned
K232148,1,0,1,1,0,0.55,likely_non_aligned
K232156,1,1,0,1,0,0.55,likely_non_aligned
K232231,1,1,0,0,0,0.4,likely_non_aligned
K232237,1,1,0,1,0,0.55,likely_non_aligned
K232250,1,0,0,0,0,0.2,likely_non_aligned
K232257,1,1,1,1,0,0.7500000000000001,likely_non_aligned
K232305,1,1,1,1,0,0.7500000000000001,likely_non_aligned
K232322,1,1,1,1,0,0.7500000000000001,likely_non_aligned
K232331,1,1,1,0,0,0.6000000000000001,likely_non_aligned
K232363,1,1,0,0,0,0.4,likely_non_aligned
K232367,1,0,0,0,0,0.2,likely_non_aligned
K232381,1,1,0,1,0,0.55,likely_non_aligned
K232384,1,1,0,1,0,0.55,likely_non_aligned
K232410,1,1,0,0,0,0.4,likely_non_aligned
K232412,1,0,1,1,0,0.55,likely_non_aligned
K232416,1,0,0,0,0,0.2,likely_non_aligned
K232431,1,0,0,1,0,0.35,likely_non_aligned
K232436,1,1,0,1,0,0.55,likely_non_aligned
K232440,1,1,0,0,0,0.4,likely_non_aligned
K232479,1,1,1,1,0,0.7500000000000001,likely_non_aligned
K232482,1,0,1,1,0,0.55,likely_non_aligned
K232491,1,0,0,1,0,0.35,likely_non_aligned
K232494,1,0,1,1,0,0.55,likely_non_aligned
K232496,1,1,1,1,0,0.7500000000000001,likely_non_aligned
K232500,1,1,0,1,0,0.55,likely_non_aligned
K232501,1,1,0,0,0,0.4,likely_non_aligned
K232526,1,0,0,1,0,0.35,likely_non_aligned
K232535,1,1,1,1,0,0.7500000000000001,likely_non_aligned
K232613,1,1,0,0,0,0.4,likely_non_aligned
K232616,1,0,0,1,0,0.35,likely_non_aligned
K232661,1,0,0,0,0,0.2,likely_non_aligned
K232686,1,1,0,1,0,0.55,likely_non_aligned
K232698,1,1,1,0,0,0.6000000000000001,likely_non_aligned
K232699,1,1,0,1,0,0.55,likely_non_aligned
K232704,1,0,0,1,0,0.35,likely_non_aligned
K232712,1,0,1,1,0,0.55,likely_non_aligned
K232751,1,1,0,0,0,0.4,likely_non_aligned
K232760,1,0,0,0,0,0.2,likely_non_aligned
K232765,1,1,1,1,0,0.7500000000000001,likely_non_aligned
K232787,1,1,0,0,0,0.4,likely_non_aligned
K232799,1,1,1,1,0,0.7500000000000001,likely_non_aligned
K232808,1,0,0,1,0,0.35,likely_non_aligned
K232835,1,0,0,1,0,0.35,likely_non_aligned
K232841,1,0,0,0,0,0.2,likely_non_aligned
K232856,1,1,1,1,0,0.7500000000000001,likely_non_aligned
K232899,1,1,1,1,0,0.7500000000000001,likely_non_aligned
K232915,1,1,1,1,0,0.7500000000000001,likely_non_aligned
K232923,1,0,0,1,0,0.35,likely_non_aligned
K232928,1,1,1,0,0,0.6000000000000001,likely_non_aligned
K233030,1,1,1,1,0,0.7500000000000001,likely_non_aligned
K233080,1,1,1,0,0,0.6000000000000001,likely_non_aligned
K233108,1,1,0,0,0,0.4,likely_non_aligned
K233112,1,1,0,1,0,0.55,likely_non_aligned
K233176,1,1,1,1,0,0.7500000000000001,likely_non_aligned
K233186,1,1,0,1,0,0.55,likely_non_aligned
K233195,1,0,0,0,0,0.2,likely_non_aligned
K233196,1,1,0,1,0,0.55,likely_non_aligned
K233209,1,1,1,1,0,0.7500000000000001,likely_non_aligned
K233211,1,1,0,1,0,0.55,likely_non_aligned
K233216,1,0,0,1,0,0.35,likely_non_aligned
K233243,1,0,0,1,0,0.35,likely_non_aligned
K233247,1,1,0,0,0,0.4,likely_non_aligned
K233249,1,1,1,1,0,0.7500000000000001,likely_non_aligned
K233253,1,1,1,1,0,0.7500000000000001,likely_non_aligned
K233334,1,0,0,1,0,0.35,likely_non_aligned
K233342,1,0,0,0,0,0.2,likely_non_aligned
K233409,1,1,0,1,0,0.55,likely_non_aligned
K233438,1,1,1,1,0,0.7500000000000001,likely_non_aligned
K233457,1,0,0,0,0,0.2,likely_non_aligned
K233512,1,0,0,1,0,0.35,likely_non_aligned
K233543,1,0,0,1,0,0.35,likely_non_aligned
K233545,1,0,0,1,0,0.35,likely_non_aligned
K233549,1,1,1,1,0,0.7500000000000001,likely_non_aligned
K233562,1,0,0,1,0,0.35,likely_non_aligned
K233568,1,1,0,0,0,0.4,likely_non_aligned
K233582,1,0,0,1,0,0.35,likely_non_aligned
K233590,1,1,0,0,0,0.4,likely_non_aligned
K233618,1,1,0,1,0,0.55,likely_non_aligned
K233625,1,0,0,1,0,0.35,likely_non_aligned
K233650,1,0,1,1,0,0.55,likely_non_aligned
K233657,1,0,1,1,0,0.55,likely_non_aligned
K233666,1,0,1,1,0,0.55,likely_non_aligned
K233673,1,1,1,1,0,0.7500000000000001,likely_non_aligned
K233676,1,1,1,1,0,0.7500000000000001,likely_non_aligned
K233677,1,0,1,1,0,0.55,likely_non_aligned
K233687,1,1,0,1,0,0.55,likely_non_aligned
K233692,1,0,0,1,0,0.35,likely_non_aligned
K233698,1,0,0,1,0,0.35,likely_non_aligned
K233728,1,0,0,1,0,0.35,likely_non_aligned
K233731,1,0,0,1,0,0.35,likely_non_aligned
K233738,1,0,1,0,0,0.4,likely_non_aligned
K233749,1,0,0,1,0,0.35,likely_non_aligned
K233753,1,1,1,1,0,0.7500000000000001,likely_non_aligned
K233755,1,1,0,1,0,0.55,likely_non_aligned
K233788,1,1,0,1,0,0.55,likely_non_aligned
K233822,1,1,1,0,0,0.6000000000000001,likely_non_aligned
K233826,1,0,0,0,0,0.2,likely_non_aligned
K233864,1,0,0,1,0,0.35,likely_non_aligned
K233925,1,0,0,0,0,0.2,likely_non_aligned
K233955,1,1,1,1,0,0.7500000000000001,likely_non_aligned
K233964,1,0,1,1,0,0.55,likely_non_aligned
K233968,1,1,0,0,0,0.4,likely_non_aligned
K233977,1,1,0,1,0,0.55,likely_non_aligned
K233984,1,1,0,1,0,0.55,likely_non_aligned
K233992,1,0,0,1,0,0.35,likely_non_aligned
K233998,1,1,1,0,0,0.6000000000000001,likely_non_aligned
K234009,1,0,0,0,0,0.2,likely_non_aligned
K234042,1,1,1,1,0,0.7500000000000001,likely_non_aligned
K234047,1,0,1,0,0,0.4,likely_non_aligned
K234068,1,1,0,0,0,0.4,likely_non_aligned
K234141,1,1,1,1,0,0.7500000000000001,likely_non_aligned
K234154,1,0,1,1,0,0.55,likely_non_aligned
K240003,1,1,1,1,0,0.7500000000000001,likely_non_aligned
K240013,1,1,1,1,0,0.7500000000000001,likely_non_aligned
K240036,1,1,1,1,0,0.7500000000000001,likely_non_aligned
K240044,1,1,1,0,0,0.6000000000000001,likely_non_aligned
K240058,1,1,0,1,0,0.55,likely_non_aligned
K240062,1,1,0,0,0,0.4,likely_non_aligned
K240094,1,1,1,1,0,0.7500000000000001,likely_non_aligned
K240172,1,0,1,0,0,0.4,likely_non_aligned
K240200,1,0,0,1,0,0.35,likely_non_aligned
K240238,1,1,0,1,0,0.55,likely_non_aligned
K240285,1,1,1,1,0,0.7500000000000001,likely_non_aligned
K240290,1,1,0,0,0,0.4,likely_non_aligned
K240291,1,1,0,1,0,0.55,likely_non_aligned
K240294,1,1,1,1,0,0.7500000000000001,likely_non_aligned
K240301,1,1,1,1,0,0.7500000000000001,likely_non_aligned
K240353,1,1,1,0,0,0.6000000000000001,likely_non_aligned
K240369,1,1,1,0,0,0.6000000000000001,likely_non_aligned
K240398,1,0,1,1,0,0.55,likely_non_aligned
K240406,1,1,0,0,0,0.4,likely_non_aligned
K240408,1,1,0,1,0,0.55,likely_non_aligned
K240411,1,1,0,1,0,0.55,likely_non_aligned
K240417,1,1,0,0,0,0.4,likely_non_aligned
K240465,1,0,0,0,0,0.2,likely_non_aligned
K240516,1,1,0,1,0,0.55,likely_non_aligned
K240540,1,0,0,1,0,0.35,likely_non_aligned
K240553,1,1,1,0,0,0.6000000000000001,likely_non_aligned
K240554,1,0,1,1,0,0.55,likely_non_aligned
K240555,1,1,0,1,0,0.55,likely_non_aligned
K240582,1,1,1,0,0,0.6000000000000001,likely_non_aligned
K240612,1,1,0,0,0,0.4,likely_non_aligned
K240631,1,0,0,1,0,0.35,likely_non_aligned
K240642,1,1,0,0,0,0.4,likely_non_aligned
K240645,1,0,1,1,0,0.55,likely_non_aligned
K240680,1,1,1,1,0,0.7500000000000001,likely_non_aligned
K240697,1,1,0,1,0,0.55,likely_non_aligned
K240704,1,1,0,1,0,0.55,likely_non_aligned
K240712,1,1,1,1,0,0.7500000000000001,likely_non_aligned
K240736,1,1,0,0,0,0.4,likely_non_aligned
K240740,1,0,0,0,0,0.2,likely_non_aligned
K240744,1,0,1,1,0,0.55,likely_non_aligned
K240769,1,1,0,0,0,0.4,likely_non_aligned
K240773,1,1,0,0,0,0.4,likely_non_aligned
K240781,1,0,0,1,0,0.35,likely_non_aligned
K240791,1,1,1,0,0,0.6000000000000001,likely_non_aligned
K240793,1,1,0,1,0,0.55,likely_non_aligned
K240795,1,1,0,1,0,0.55,likely_non_aligned
K240845,1,1,1,0,0,0.6000000000000001,likely_non_aligned
K240850,1,0,0,1,0,0.35,likely_non_aligned
K240860,1,1,1,1,0,0.7500000000000001,likely_non_aligned
K240926,1,1,1,0,0,0.6000000000000001,likely_non_aligned
K240929,1,1,1,1,0,0.7500000000000001,likely_non_aligned
K240942,1,1,0,0,0,0.4,likely_non_aligned
K240943,1,0,0,0,0,0.2,likely_non_aligned
K240944,1,0,0,0,0,0.2,likely_non_aligned
K240953,1,1,1,0,0,0.6000000000000001,likely_non_aligned
K240980,1,0,1,1,0,0.55,likely_non_aligned
K240993,1,1,1,1,0,0.7500000000000001,likely_non_aligned
K241009,1,1,1,1,0,0.7500000000000001,likely_non_aligned
K241029,1,1,0,1,0,0.55,likely_non_aligned
K241038,1,1,1,0,0,0.6000000000000001,likely_non_aligned
K241079,1,1,0,1,0,0.55,likely_non_aligned
K241083,1,0,0,0,0,0.2,likely_non_aligned
K241098,1,1,1,1,0,0.7500000000000001,likely_non_aligned
K241108,1,1,1,1,0,0.7500000000000001,likely_non_aligned
K241112,1,1,1,0,0,0.6000000000000001,likely_non_aligned
K241121,1,0,0,0,0,0.2,likely_non_aligned
K241166,1,1,0,1,0,0.55,likely_non_aligned
K241197,1,0,0,1,0,0.35,likely_non_aligned
K241200,1,1,0,0,0,0.4,likely_non_aligned
K241211,1,0,1,1,0,0.55,likely_non_aligned
K241222,1,0,0,0,0,0.2,likely_non_aligned
K241232,1,0,1,0,0,0.4,likely_non_aligned
K241242,1,1,0,1,0,0.55,likely_non_aligned
K241245,1,1,1,0,0,0.6000000000000001,likely_non_aligned
K241280,1,0,1,0,0,0.4,likely_non_aligned
K241292,1,0,0,0,0,0.2,likely_non_aligned
K241312,1,1,1,0,0,0.6000000000000001,likely_non_aligned
K241329,1,1,1,0,0,0.6000000000000001,likely_non_aligned
K241331,1,1,1,1,0,0.7500000000000001,likely_non_aligned
K241350,1,0,0,1,0,0.35,likely_non_aligned
K241380,1,1,1,0,0,0.6000000000000001,likely_non_aligned
K241390,1,1,1,1,0,0.7500000000000001,likely_non_aligned
K241429,1,0,0,1,0,0.35,likely_non_aligned
K241430,1,1,1,0,0,0.6000000000000001,likely_non_aligned
K241439,1,1,0,1,0,0.55,likely_non_aligned
K241440,1,1,1,0,0,0.6000000000000001,likely_non_aligned
K241480,1,0,0,1,0,0.35,likely_non_aligned
K241481,1,0,0,0,0,0.2,likely_non_aligned
K241490,1,0,0,0,0,0.2,likely_non_aligned
K241496,1,0,0,1,0,0.35,likely_non_aligned
K241508,1,0,0,1,0,0.35,likely_non_aligned
K241543,1,1,0,0,0,0.4,likely_non_aligned
K241546,1,0,0,0,0,0.2,likely_non_aligned
K241561,1,1,1,1,0,0.7500000000000001,likely_non_aligned
K241582,1,1,0,0,0,0.4,likely_non_aligned
K241585,1,0,0,1,0,0.35,likely_non_aligned
K241593,1,1,1,0,0,0.6000000000000001,likely_non_aligned
K241596,1,0,0,1,0,0.35,likely_non_aligned
K241620,1,0,1,0,0,0.4,likely_non_aligned
K241633,1,1,0,1,0,0.55,likely_non_aligned
K241659,1,0,1,1,0,0.55,likely_non_aligned
K241665,1,0,0,1,0,0.35,likely_non_aligned
K241671,1,1,0,1,0,0.55,likely_non_aligned
K241676,1,1,1,1,0,0.7500000000000001,likely_non_aligned
K241681,1,0,0,0,0,0.2,likely_non_aligned
K241684,1,0,0,1,0,0.35,likely_non_aligned
K241696,1,1,0,0,0,0.4,likely_non_aligned
K241719,1,1,1,0,0,0.6000000000000001,likely_non_aligned
K241725,1,1,1,1,0,0.7500000000000001,likely_non_aligned
K241727,1,1,0,0,0,0.4,likely_non_aligned
K241747,1,1,0,1,0,0.55,likely_non_aligned
K241770,1,1,1,1,0,0.7500000000000001,likely_non_aligned
K241831,1,1,1,1,0,0.7500000000000001,likely_non_aligned
K241837,1,1,1,0,0,0.6000000000000001,likely_non_aligned
K241847,1,0,0,0,0,0.2,likely_non_aligned
K241887,1,0,1,1,0,0.55,likely_non_aligned
K241891,1,1,1,0,0,0.6000000000000001,likely_non_aligned
K241922,1,0,0,1,0,0.35,likely_non_aligned
K241923,1,1,0,1,0,0.55,likely_non_aligned
K241949,1,0,0,1,0,0.35,likely_non_aligned
K241960,1,1,0,1,0,0.55,likely_non_aligned
K241961,1,0,0,0,0,0.2,likely_non_aligned
K241971,1,1,1,1,0,0.7500000000000001,likely_non_aligned
K241982,1,0,0,0,0,0.2,likely_non_aligned
K241984,1,0,0,0,0,0.2,likely_non_aligned
K242005,1,0,0,1,0,0.35,likely_non_aligned
K242020,1,0,0,1,0,0.35,likely_non_aligned
K242054,1,0,0,1,0,0.35,likely_non_aligned
K242062,1,1,0,1,0,0.55,likely_non_aligned
K242094,1,0,0,0,0,0.2,likely_non_aligned
K242123,1,1,0,1,0,0.55,likely_non_aligned
K242129,1,1,0,1,0,0.55,likely_non_aligned
K242130,1,1,0,0,0,0.4,likely_non_aligned
K242166,1,1,0,1,0,0.55,likely_non_aligned
K242168,1,0,0,1,0,0.35,likely_non_aligned
K242171,1,1,1,0,0,0.6000000000000001,likely_non_aligned
K242188,1,1,1,0,0,0.6000000000000001,likely_non_aligned
K242203,1,1,1,1,0,0.7500000000000001,likely_non_aligned
K242215,1,1,0,0,0,0.4,likely_non_aligned
K242240,1,1,1,0,0,0.6000000000000001,likely_non_aligned
K242270,1,1,1,0,0,0.6000000000000001,likely_non_aligned
K242275,1,0,1,1,0,0.55,likely_non_aligned
K242292,1,1,0,1,0,0.55,likely_non_aligned
K242295,1,1,1,0,0,0.6000000000000001,likely_non_aligned
K242300,1,0,1,1,0,0.55,likely_non_aligned
K242323,1,0,1,1,0,0.55,likely_non_aligned
K242334,1,1,0,1,0,0.55,likely_non_aligned
K242338,1,0,0,1,0,0.35,likely_non_aligned
K242342,1,1,0,0,0,0.4,likely_non_aligned
K242359,1,1,0,0,0,0.4,likely_non_aligned
K242362,1,0,1,0,0,0.4,likely_non_aligned
K242388,1,0,0,0,0,0.2,likely_non_aligned
K242403,1,0,0,1,0,0.35,likely_non_aligned
K242437,1,1,0,0,0,0.4,likely_non_aligned
K242444,1,1,1,1,0,0.7500000000000001,likely_non_aligned
K242447,1,0,0,1,0,0.35,likely_non_aligned
K242461,1,0,1,1,0,0.55,likely_non_aligned
K242467,1,1,0,0,0,0.4,likely_non_aligned
K242480,1,0,1,1,0,0.55,likely_non_aligned
K242488,1,0,1,1,0,0.55,likely_non_aligned
K242500,1,1,1,0,0,0.6000000000000001,likely_non_aligned
K242511,1,1,1,1,0,0.7500000000000001,likely_non_aligned
K242522,1,1,0,1,0,0.55,likely_non_aligned
K242523,1,1,0,1,0,0.55,likely_non_aligned
K242551,1,1,1,1,0,0.7500000000000001,likely_non_aligned
K242583,1,1,0,1,0,0.55,likely_non_aligned
K242594,1,1,0,0,0,0.4,likely_non_aligned
K242600,1,1,0,0,0,0.4,likely_non_aligned
K242607,1,1,1,1,0,0.7500000000000001,likely_non_aligned
K242624,1,1,0,1,0,0.55,likely_non_aligned
K242652,1,0,0,1,0,0.35,likely_non_aligned
K242683,1,1,0,0,0,0.4,likely_non_aligned
K242729,1,0,0,1,0,0.35,likely_non_aligned
K242737,1,1,1,1,0,0.7500000000000001,likely_non_aligned
K242745,1,1,1,1,0,0.7500000000000001,likely_non_aligned
K242748,1,0,0,0,0,0.2,likely_non_aligned
K242781,1,1,1,0,0,0.6000000000000001,likely_non_aligned
K242798,1,0,1,1,0,0.55,likely_non_aligned
K242800,1,1,0,1,0,0.55,likely_non_aligned
K242807,1,1,1,0,0,0.6000000000000001,likely_non_aligned
K242821,1,1,0,1,0,0.55,likely_non_aligned
K242822,1,1,0,0,0,0.4,likely_non_aligned
K242825,1,1,0,0,0,0.4,likely_non_aligned
K242830,1,0,0,0,0,0.2,likely_non_aligned
K242837,1,1,0,0,0,0.4,likely_non_aligned
K242838,1,0,1,1,0,0.55,likely_non_aligned
K242919,1,1,0,0,0,0.4,likely_non_aligned
K242925,1,1,0,1,0,0.55,likely_non_aligned
K242967,1,1,0,1,0,0.55,likely_non_aligned
K242994,1,1,0,1,0,0.55,likely_non_aligned
K243005,1,1,0,0,0,0.4,likely_non_aligned
K243038,1,1,0,0,0,0.4,likely_non_aligned
K243042,1,0,0,1,0,0.35,likely_non_aligned
K243065,1,0,1,0,0,0.4,likely_non_aligned
K243122,1,1,0,1,0,0.55,likely_non_aligned
K243144,1,0,0,0,0,0.2,likely_non_aligned
K243145,1,1,1,1,0,0.7500000000000001,likely_non_aligned
K243158,1,1,0,0,0,0.4,likely_non_aligned
K243189,1,1,1,1,0,0.7500000000000001,likely_non_aligned
K243209,1,0,0,1,0,0.35,likely_non_aligned
K243229,1,1,1,0,0,0.6000000000000001,likely_non_aligned
K243230,1,1,0,0,0,0.4,likely_non_aligned
K243234,1,1,0,0,0,0.4,likely_non_aligned
K243235,1,1,0,0,0,0.4,likely_non_aligned
K243239,1,1,0,0,0,0.4,likely_non_aligned
K243250,1,1,0,0,0,0.4,likely_non_aligned
K243253,1,1,0,1,0,0.55,likely_non_aligned
K243268,1,0,0,1,0,0.35,likely_non_aligned
K243292,1,1,0,0,0,0.4,likely_non_aligned
K243294,1,1,1,1,0,0.7500000000000001,likely_non_aligned
K243331,1,1,0,0,0,0.4,likely_non_aligned
K243335,1,0,0,1,0,0.35,likely_non_aligned
K243341,1,1,1,1,0,0.7500000000000001,likely_non_aligned
K243350,1,1,0,1,0,0.55,likely_non_aligned
K243363,1,1,0,0,0,0.4,likely_non_aligned
K243376,1,0,0,0,0,0.2,likely_non_aligned
K243378,1,1,1,1,0,0.7500000000000001,likely_non_aligned
K243397,1,1,1,1,0,0.7500000000000001,likely_non_aligned
K243446,1,1,0,1,0,0.55,likely_non_aligned
K243449,1,1,1,1,0,0.7500000000000001,likely_non_aligned
K243481,1,0,0,1,0,0.35,likely_non_aligned
K243523,1,0,1,1,0,0.55,likely_non_aligned
K243538,1,0,0,1,0,0.35,likely_non_aligned
K243547,1,1,1,1,0,0.7500000000000001,likely_non_aligned
K243548,1,1,0,0,0,0.4,likely_non_aligned
K243558,1,1,0,0,0,0.4,likely_non_aligned
K243567,1,1,0,1,0,0.55,likely_non_aligned
K243611,1,1,0,0,0,0.4,likely_non_aligned
K243614,1,1,1,0,0,0.6000000000000001,likely_non_aligned
K243617,1,0,0,0,0,0.2,likely_non_aligned
K243620,1,0,0,1,0,0.35,likely_non_aligned
K243628,1,0,0,1,0,0.35,likely_non_aligned
K243633,1,1,1,0,0,0.6000000000000001,likely_non_aligned
K243647,1,1,1,0,0,0.6000000000000001,likely_non_aligned
K243651,1,0,1,1,0,0.55,likely_non_aligned
K243657,1,0,0,1,0,0.35,likely_non_aligned
K243667,1,1,0,0,0,0.4,likely_non_aligned
K243672,1,1,1,1,0,0.7500000000000001,likely_non_aligned
K243679,1,1,1,1,0,0.7500000000000001,likely_non_aligned
K243681,1,1,1,0,0,0.6000000000000001,likely_non_aligned
K243684,1,1,1,1,0,0.7500000000000001,likely_non_aligned
K243685,1,1,1,1,0,0.7500000000000001,likely_non_aligned
K243687,1,1,0,1,0,0.55,likely_non_aligned
K243688,1,1,0,1,0,0.55,likely_non_aligned
K243689,1,1,0,0,0,0.4,likely_non_aligned
K243696,1,1,0,0,0,0.4,likely_non_aligned
K243702,1,1,0,1,0,0.55,likely_non_aligned
K243705,1,1,0,0,0,0.4,likely_non_aligned
K243743,1,1,1,1,0,0.7500000000000001,likely_non_aligned
K243762,1,1,0,1,0,0.55,likely_non_aligned
K243769,1,0,1,1,0,0.55,likely_non_aligned
K243779,1,1,0,0,0,0.4,likely_non_aligned
K243793,1,1,1,1,0,0.7500000000000001,likely_non_aligned
K243794,1,1,0,1,0,0.55,likely_non_aligned
K243808,1,1,1,0,0,0.6000000000000001,likely_non_aligned
K243810,1,1,1,0,0,0.6000000000000001,likely_non_aligned
K243812,1,0,0,1,0,0.35,likely_non_aligned
K243831,1,1,1,0,0,0.6000000000000001,likely_non_aligned
K243851,1,1,0,1,0,0.55,likely_non_aligned
K243853,1,0,1,1,0,0.55,likely_non_aligned
K243859,1,0,1,1,0,0.55,likely_non_aligned
K243862,1,1,0,0,0,0.4,likely_non_aligned
K243863,1,1,0,0,0,0.4,likely_non_aligned
K243866,1,1,0,1,0,0.55,likely_non_aligned
K243878,1,0,0,1,0,0.35,likely_non_aligned
K243884,1,1,0,1,0,0.55,likely_non_aligned
K243891,1,1,0,1,0,0.55,likely_non_aligned
K243893,1,1,0,1,0,0.55,likely_non_aligned
K243919,1,1,0,0,0,0.4,likely_non_aligned
K243933,1,1,0,0,0,0.4,likely_non_aligned
K243937,1,1,0,1,0,0.55,likely_non_aligned
K243950,1,1,0,0,0,0.4,likely_non_aligned
K243955,1,0,0,0,0,0.2,likely_non_aligned
K243989,1,1,1,1,0,0.7500000000000001,likely_non_aligned
K244002,1,1,0,1,0,0.55,likely_non_aligned
K244023,1,1,1,0,0,0.6000000000000001,likely_non_aligned
K244027,1,1,1,1,0,0.7500000000000001,likely_non_aligned
K250003,1,1,1,1,0,0.7500000000000001,likely_non_aligned
K250005,1,0,0,1,0,0.35,likely_non_aligned
K250023,1,1,0,0,0,0.4,likely_non_aligned
K250035,1,1,0,1,0,0.55,likely_non_aligned
K250042,1,1,1,0,0,0.6000000000000001,likely_non_aligned
K250064,1,1,0,1,0,0.55,likely_non_aligned
K250086,1,1,1,1,0,0.7500000000000001,likely_non_aligned
K250087,1,1,0,1,0,0.55,likely_non_aligned
K250096,1,1,1,1,1,1.0,aligned
K250119,1,1,1,1,0,0.7500000000000001,likely_non_aligned
K250151,1,1,1,1,0,0.7500000000000001,likely_non_aligned
K250177,1,0,0,1,0,0.35,likely_non_aligned
K250186,1,0,0,0,0,0.2,likely_non_aligned
K250221,1,1,0,0,0,0.4,likely_non_aligned
K250226,1,1,1,1,0,0.7500000000000001,likely_non_aligned
K250236,1,1,0,0,0,0.4,likely_non_aligned
K250237,1,1,0,0,0,0.4,likely_non_aligned
K250246,1,1,0,1,0,0.55,likely_non_aligned
K250248,1,1,0,0,0,0.4,likely_non_aligned
K250255,1,0,0,1,0,0.35,likely_non_aligned
K250264,1,1,1,0,0,0.6000000000000001,likely_non_aligned
K250268,1,0,1,1,0,0.55,likely_non_aligned
K250288,1,1,1,0,0,0.6000000000000001,likely_non_aligned
K250290,1,1,0,0,0,0.4,likely_non_aligned
K250328,1,0,0,0,0,0.2,likely_non_aligned
K250330,1,1,0,1,0,0.55,likely_non_aligned
K250337,1,0,1,1,0,0.55,likely_non_aligned
K250354,1,0,0,0,0,0.2,likely_non_aligned
K250367,1,1,1,0,0,0.6000000000000001,likely_non_aligned
K250369,1,0,1,0,0,0.4,likely_non_aligned
K250370,1,0,0,0,0,0.2,likely_non_aligned
K250379,1,0,0,1,0,0.35,likely_non_aligned
K250416,1,0,0,1,0,0.35,likely_non_aligned
K250427,1,1,0,1,0,0.55,likely_non_aligned
K250436,1,1,1,1,0,0.7500000000000001,likely_non_aligned
K250440,1,1,0,0,0,0.4,likely_non_aligned
K250443,1,1,1,1,0,0.7500000000000001,likely_non_aligned
K250484,1,1,0,1,0,0.55,likely_non_aligned
K250507,1,1,1,1,0,0.7500000000000001,likely_non_aligned
K250515,1,1,1,1,0,0.7500000000000001,likely_non_aligned
K250525,1,1,1,1,0,0.7500000000000001,likely_non_aligned
K250543,1,0,0,1,0,0.35,likely_non_aligned
K250569,1,0,0,1,0,0.35,likely_non_aligned
K250649,1,1,0,1,0,0.55,likely_non_aligned
K250650,1,1,0,0,0,0.4,likely_non_aligned
K250652,1,0,0,1,0,0.35,likely_non_aligned
K250660,1,0,0,1,0,0.35,likely_non_aligned
K250662,1,1,1,0,0,0.6000000000000001,likely_non_aligned
K250670,1,1,0,1,0,0.55,likely_non_aligned
K250685,1,1,1,1,0,0.7500000000000001,likely_non_aligned
K250686,1,1,1,0,0,0.6000000000000001,likely_non_aligned
K250694,1,1,0,0,0,0.4,likely_non_aligned
K250738,1,0,0,1,0,0.35,likely_non_aligned
K250749,1,0,0,1,0,0.35,likely_non_aligned
K250753,1,1,1,1,0,0.7500000000000001,likely_non_aligned
K250754,1,0,0,0,0,0.2,likely_non_aligned
K250755,1,0,0,0,0,0.2,likely_non_aligned
K250766,1,0,1,1,0,0.55,likely_non_aligned
K250780,1,1,0,0,0,0.4,likely_non_aligned
K250788,1,0,1,1,0,0.55,likely_non_aligned
K250818,1,1,1,0,0,0.6000000000000001,likely_non_aligned
K250831,1,1,0,0,0,0.4,likely_non_aligned
K250877,1,0,0,1,0,0.35,likely_non_aligned
K250882,1,1,0,1,0,0.55,likely_non_aligned
K250886,1,1,0,1,0,0.55,likely_non_aligned
K250901,1,0,0,1,0,0.35,likely_non_aligned
K250902,1,1,0,0,0,0.4,likely_non_aligned
K250914,1,1,1,0,0,0.6000000000000001,likely_non_aligned
K250932,1,0,0,1,0,0.35,likely_non_aligned
K250941,1,0,0,1,0,0.35,likely_non_aligned
K250959,1,1,0,0,0,0.4,likely_non_aligned
K250984,1,0,0,1,0,0.35,likely_non_aligned
K250999,1,1,1,1,0,0.7500000000000001,likely_non_aligned
K251002,1,1,0,1,0,0.55,likely_non_aligned
K251009,1,0,0,1,0,0.35,likely_non_aligned
K251027,1,1,0,1,0,0.55,likely_non_aligned
K251029,1,1,1,1,0,0.7500000000000001,likely_non_aligned
K251059,1,1,1,0,0,0.6000000000000001,likely_non_aligned
K251071,1,1,0,0,0,0.4,likely_non_aligned
K251072,1,0,0,0,0,0.2,likely_non_aligned
K251078,1,1,1,0,0,0.6000000000000001,likely_non_aligned
K251082,1,0,0,1,0,0.35,likely_non_aligned
K251096,1,1,1,0,0,0.6000000000000001,likely_non_aligned
K251106,1,1,0,1,0,0.55,likely_non_aligned
K251110,1,1,0,1,0,0.55,likely_non_aligned
K251126,1,0,0,1,0,0.35,likely_non_aligned
K251151,1,1,1,1,0,0.7500000000000001,likely_non_aligned
K251153,1,1,0,1,0,0.55,likely_non_aligned
K251167,1,1,0,0,0,0.4,likely_non_aligned
K251169,1,1,1,1,0,0.7500000000000001,likely_non_aligned
K251203,1,0,0,0,0,0.2,likely_non_aligned
K251221,1,1,1,1,0,0.7500000000000001,likely_non_aligned
K251276,1,1,0,0,0,0.4,likely_non_aligned
K251293,1,1,0,1,0,0.55,likely_non_aligned
K251316,1,1,0,0,0,0.4,likely_non_aligned
K251322,1,1,0,1,0,0.55,likely_non_aligned
K251342,1,1,1,1,0,0.7500000000000001,likely_non_aligned
K251355,1,1,1,0,0,0.6000000000000001,likely_non_aligned
K251368,1,1,1,0,0,0.6000000000000001,likely_non_aligned
K251370,1,0,0,1,0,0.35,likely_non_aligned
K251386,1,1,0,1,0,0.55,likely_non_aligned
K251397,1,0,0,1,0,0.35,likely_non_aligned
K251399,1,0,0,1,0,0.35,likely_non_aligned
K251406,1,1,0,0,0,0.4,likely_non_aligned
K251408,1,1,1,1,0,0.7500000000000001,likely_non_aligned
K251416,1,1,1,0,0,0.6000000000000001,likely_non_aligned
K251455,1,1,0,1,0,0.55,likely_non_aligned
K251456,1,1,1,1,0,0.7500000000000001,likely_non_aligned
K251481,1,0,0,1,0,0.35,likely_non_aligned
K251483,1,1,0,0,0,0.4,likely_non_aligned
K251494,1,1,0,1,0,0.55,likely_non_aligned
K251506,1,1,0,1,0,0.55,likely_non_aligned
K251514,1,0,1,1,0,0.55,likely_non_aligned
K251518,1,0,0,1,0,0.35,likely_non_aligned
K251527,1,1,0,1,0,0.55,likely_non_aligned
K251528,1,1,0,1,0,0.55,likely_non_aligned
K251532,1,0,0,0,0,0.2,likely_non_aligned
K251533,1,1,0,1,0,0.55,likely_non_aligned
K251590,1,1,1,1,0,0.7500000000000001,likely_non_aligned
K251602,1,0,0,1,0,0.35,likely_non_aligned
K251610,1,1,0,0,0,0.4,likely_non_aligned
K251629,1,1,1,0,0,0.6000000000000001,likely_non_aligned
K251639,1,0,0,0,0,0.2,likely_non_aligned
K251651,1,0,0,0,0,0.2,likely_non_aligned
K251656,1,0,1,1,0,0.55,likely_non_aligned
K251657,1,0,0,0,0,0.2,likely_non_aligned
K251673,1,1,0,0,0,0.4,likely_non_aligned
K251682,1,1,1,0,0,0.6000000000000001,likely_non_aligned
K251747,1,1,1,0,0,0.6000000000000001,likely_non_aligned
K251763,1,0,1,1,0,0.55,likely_non_aligned
K251766,1,1,1,1,0,0.7500000000000001,likely_non_aligned
K251822,1,1,1,1,0,0.7500000000000001,likely_non_aligned
K251837,1,1,1,0,0,0.6000000000000001,likely_non_aligned
K251839,1,1,1,1,0,0.7500000000000001,likely_non_aligned
K251873,1,1,0,1,0,0.55,likely_non_aligned
K251931,1,1,0,0,0,0.4,likely_non_aligned
K251936,1,1,1,1,0,0.7500000000000001,likely_non_aligned
K251963,1,1,0,1,0,0.55,likely_non_aligned
K251983,1,1,1,1,0,0.7500000000000001,likely_non_aligned
K251985,1,1,0,1,0,0.55,likely_non_aligned
K251987,1,1,0,1,0,0.55,likely_non_aligned
K252007,1,1,0,0,0,0.4,likely_non_aligned
K252029,1,1,1,1,0,0.7500000000000001,likely_non_aligned
K252041,1,1,1,0,0,0.6000000000000001,likely_non_aligned
K252054,1,1,0,1,0,0.55,likely_non_aligned
K252074,1,1,0,1,0,0.55,likely_non_aligned
K252086,1,1,1,1,0,0.7500000000000001,likely_non_aligned
K252103,1,1,1,0,0,0.6000000000000001,likely_non_aligned
K252105,1,1,1,1,0,0.7500000000000001,likely_non_aligned
K252178,1,1,1,0,0,0.6000000000000001,likely_non_aligned
K252204,1,1,1,1,0,0.7500000000000001,likely_non_aligned
K252214,1,1,0,0,0,0.4,likely_non_aligned
K252217,1,1,0,1,0,0.55,likely_non_aligned
K252235,1,0,1,0,0,0.4,likely_non_aligned
K252284,1,1,0,1,0,0.55,likely_non_aligned
K252294,1,1,0,0,0,0.4,likely_non_aligned
K252298,1,1,1,1,0,0.7500000000000001,likely_non_aligned
K252328,1,1,0,1,0,0.55,likely_non_aligned
K252330,1,1,0,1,0,0.55,likely_non_aligned
K252362,1,1,0,1,0,0.55,likely_non_aligned
K252366,1,1,0,0,0,0.4,likely_non_aligned
K252371,1,0,0,1,0,0.35,likely_non_aligned
K252379,1,0,1,1,0,0.55,likely_non_aligned
K252452,1,1,1,0,0,0.6000000000000001,likely_non_aligned
K252482,1,1,0,1,0,0.55,likely_non_aligned
K252497,1,1,0,1,0,0.55,likely_non_aligned
K252504,1,0,1,1,0,0.55,likely_non_aligned
K252539,1,1,0,0,0,0.4,likely_non_aligned
K252557,1,0,1,0,0,0.4,likely_non_aligned
K252586,1,0,0,1,0,0.35,likely_non_aligned
K252665,1,1,0,0,0,0.4,likely_non_aligned
K252670,1,1,1,0,0,0.6000000000000001,likely_non_aligned
K252838,1,1,1,1,0,0.7500000000000001,likely_non_aligned
K252856,1,1,1,0,0,0.6000000000000001,likely_non_aligned
K252922,1,1,0,0,0,0.4,likely_non_aligned
K253091,1,1,0,1,0,0.55,likely_non_aligned
K253141,1,0,0,1,0,0.35,likely_non_aligned
K253265,1,1,1,0,0,0.6000000000000001,likely_non_aligned
K253269,1,1,0,1,0,0.55,likely_non_aligned
K253310,1,0,0,1,0,0.35,likely_non_aligned
K253489,1,1,0,0,0,0.4,likely_non_aligned
K253516,1,0,1,1,0,0.55,likely_non_aligned
K253532,1,1,1,0,0,0.6000000000000001,likely_non_aligned
K253664,1,0,0,1,0,0.35,likely_non_aligned
K955841,0,1,1,1,0,0.55,likely_non_aligned
P000041,1,0,0,0,0,0.2,likely_non_aligned
P010034,1,0,0,0,0,0.2,likely_non_aligned
P040028,1,1,0,0,0,0.4,likely_non_aligned
P090012,1,1,0,0,0,0.4,likely_non_aligned
P110014,1,0,0,1,0,0.35,likely_non_aligned
P140011_S008,1,0,0,0,0,0.2,likely_non_aligned
P150043,1,0,0,0,0,0.2,likely_non_aligned
P150046,1,0,0,0,0,0.2,likely_non_aligned
P160009,1,0,0,0,0,0.2,likely_non_aligned
P200003,1,0,0,0,0,0.2,likely_non_aligned
P210011,1,0,0,0,0,0.2,likely_non_aligned
P210015,1,1,0,1,0,0.55,likely_non_aligned
P230022,1,0,0,1,0,0.35,likely_non_aligned
