device_id,sentence,race_framing
K251408,"The patient demographics for the Intended Use Population are described in Table 2 with representation across age decades from 50 and above, sex, BMI, and race.",Race as statistical subgroup
K251408,"Data Total Sample size 3082 Age (Median [IQR]) (min-max) 70.0 [64.0 - 76.0] (50 – 98) Sex (Female:Male:not reported) 2787:285:10 BMI (Mean +/- SD) (min-max) 29.3 +/- 6.6 (15.1 – 63.8) DXA FN BMD (Mean +/- SD) (min-max) 0.716 +/- 0.146 (0.134 – 1.535) Prevalence of Low BMD (%) 66.7% Time Between Scans (Median [IQR] days)(min-max) 107.5 [31.0 - 207.0] (0 – 365) Race Asian: 81 (2.6%); Black or African American: 171 (5.5%); Hispanic: 574 (18.6%); Other/not known: 855 (27.7%); White: 1401 (45.5%) Manufacturer Agfa: 2 (0.1%); Canon Inc.: 17 (0.6%); Carestream: 77 (2.5%); Eos Imaging: 2 (0.1%); FUJIFILM: 41 Naitive Technologies Ltd c/o Mishcon de Reya, Four Station Square, Cambridge, CB1 2GE Englan",Race mention without explicit framing
K251408,"Group N AUC (95% CI) Sensitivity (95% CI) Specificity (95% CI) Sex Females 2787 n/a 0.373 (0.352-0.395) 0.950 (0.934-0.963) Males 285 n/a 0.319 (0.249-0.399) 0.957 (0.910-0.980) Age group (years) 50-59 418 n/a 0.258 (0.201-0.324) 0.969 (0.938-0.985) 60-69 1012 n/a 0.347 (0.310-0.385) 0.940 (0.912-0.960) 70-79 1045 n/a 0.401 (0.366-0.437) 0.959 (0.930-0.976) 80+ 485 n/a 0.489 (0.441-0.537) 0.912 (0.830-0.957) Naitive Technologies Ltd c/o Mishcon de Reya, Four Station Square, Cambridge, CB1 2GE England, United Kingdom 13 BMI (kg/m2) 18-25 352 n/a 0.508 (0.452-0.565) 0.906 (0.797-0.959) 25-30 464 n/a 0.442 (0.388-0.498) 0.941 (0.891-0.969) >30 531 n/a 0.306 (0.253-0.365) 0.960 (0.930-0.978) Rac",Race as statistical subgroup
K251408,"Group N AUC (95% CI) Sensitivity (95% CI) Specificity (95% CI) Sex Females 2347 0.840 (0.823-0.856) 0.446 (0.390-0.501) 0.942 (0.921-0.960) Males 239 0.810 (0.756-0.865) 0.374 (0.130-0.537) 0.948 (0.888-0.991) Age group (years) Naitive Technologies Ltd c/o Mishcon de Reya, Four Station Square, Cambridge, CB1 2GE England, United Kingdom 14 50-59 352 0.838 (0.797-0.879) 0.314 (0.199-0.462) 0.964 (0.918-0.995) 60-69 893 0.809 (0.779-0.838) 0.391 (0.325-0.467) 0.932 (0.896-0.961) 70-79 919 0.839 (0.812-0.867) 0.452 (0.332-0.545) 0.952 (0.926-0.978) 80+ 428 0.834 (0.784-0.885) 0.552 (0.357-0.721) 0.899 (0.812-0.957) BMI (kg/m2) 18-25 333 0.846 (0.781-0.910) 0.543 (0.182-0.750) 0.906 (0.792-0.981)",Race as statistical subgroup
K241633,"Bench Testing Subject Demographics Description Number of Sessions Subjects (Unique) 711 1,413 Age Range 18 to 21 135 22 to 29 290 30 to 39 222 40-49 169 50-59 268 60-69 208 70-79 89 80-89 20 90-99 7 Sex Males 515 Females 898 Race American Indian/Alaskan 12 K241633 Mindset Medical, Inc Informed Vital Core Traditional 510(k) Premarket Notiﬁcation Page 5 of 6 Asian 26 Black/African American 279 Paciﬁc Islander 14 White 1003 Other 79 BMI ranges <18.5 15 18.5 to 24.9 462 25 to 29.9 450 30 to 39.9 409 >40 77 Skin type according to Fitzpatrick Scale Type 1 and 2 719 Type 3 and 4 424 Type 5 and 6 270 Glasses (Y/N) Yes 448 No 965 Facial Hair (Y/N) Yes 309 No 1104 Environment Oﬃce 38 Clinic 1042 Home ",Race as statistical subgroup
K241633,"Clinical Study Subject Demographics Description Number Subjects Total 67 Age 22-29 6 30-39 16 40-49 9 50-59 10 60-69 20 70-77 6 Gender Males 30 Females 37 Race/Ethnicity American Indian or Alaska Native 1 American Indian or Alaska Native/Black or African American 1 Asian 5 Black/African American 18 Pacific Islander 1 White 40 Other 1 Skin type according to Fitzpatrick Scale Type I and II 31 Type III and IV 18 Type V and VI 18 Conclusion: The IVC App has been found to be substantially equivalent to the predicate device with respect to technical characteristics, performance, and intended use.",Race as statistical subgroup
K241380,"The subgroups distribution is summarized in the table below: Subgroup Number of cases (total=480) Number of images (total=2,288) Center Center 1 99 (20.6%) 505 (22.1%) Center 2 63 (13.1%) 248 (10.8%) Center 3 84 (17.5%) 378 (16.5%) Center 4 55 (11.5%) 264 (11.5%) Center 5 54 (11.2%) 275 (12.0%) Center 6 55 (11.5%) 265 (11.6%) Center 7 70 (14.6%) 353 (15.4%) Territory US 234 (48.8%) 1157 (50.6%) EU 246 (51.2%) 1131 (49.4%) Gestational age 2nd trimester 233 (48.5%) 1189 (52.0%) 3rd trimester 243 (50.6%) 1075 (47.0%) Unknown 4 (0.8%) 24 (1.0%) Maternal age < 20 years 27 (5.6%) 128 (5.6%) [20-29] years 214 (44.6%) 1020 (44.6%) [30-39] years 194 (40.4%) 901 (39.4%) ≥40 years 26 (5.4%) 127 (5.6%) ",Race as statistical subgroup
K242919,"Percent race distribution of white, black, Asian, pacific islander, and Indian were 92.8%, 4.4%, 2.2%, 0.3% and 0.3%, respectively.",Race mention without explicit framing
K241747,"The secondary assessment results further demonstrated that Saige-Dx has generalizable standalone performance on GE and Hologic exams across confounders such as patient age, breast density, breast size, race, ethnicity, exam type, lesion type, pathology classification, lesion size, and modality.",Race as statistical subgroup
K241747,"age, race, ethnicity, breast density, breast size, imaging 212 Elm St Somerville, MA 02144 Phone: 424-832-1480 www.deephealth.com modality, lesion size, lesion type, and lesion pathology classification confirmed that the test set is diverse and representative of the intended population for the intended use.",Race mention without explicit framing
K250886,"Variable mean ± sd (n) (min, max) or %(n/N) Sex Male 53.5% (38/71) Female 46.5% (33/71) Age (years, mean ± SD (range)) 61.0 ± 16.4 (23.0, 89.0) Height (cm, mean ± SD (range)) 171.4 ± 12.1 (145.0, 198.0) Weight (kg, mean ± SD (range)) 87.7 ± 21.4 (47.2, 164.5) BSA (m², mean ± SD (range)) 2.0 ± 0.3 (1.4, 2.8) BMI (kg/m², mean ± SD (range)) 29.7 ± 6.7 (17.7, 57.6) Race White 35.2% (25/71) Asian 0.0% (0/71) Black or African American 60.6% (43/71) American Indian or Alaska Native 0.0% (0/71) Native Hawaiian or Other Pacific Islander 0.0% (0/71) Mixed/More than one race 1.4% (1/71) Other/Unknown/Not Reported 2.8% (2/71) LV systolic function Normal 46 (64.79%) Mild 4 (5.63% Moderate 10 (14.08%) Sev",Race as statistical subgroup
K241960,"The patients came from urban, suburban, and rural areas with a high-level of race/ethnicity diversity (Caucasian or White, Black or African American, Other, Not Reported).",Race mention without explicit framing
K220408,"8 DSC and 95% HD(mm) were obtained by race, vendors, slice thickness and kernel for sub-group analysis.",Race as statistical subgroup
K213941,"The race breakdown for the cohort was 0.3% Two or more races, 3.3% Asian, 4.8% Other, 5.5% African American, 83% White (the remaining proportion of the cohort was either unavailable or declined to declare).",Race as statistical subgroup
K240712,"Mean (SD) age was 70.4 (7.2) years, ranging from 52 to 89; 105 (52.8%) were female; 23 (11.6%) were Asian, 1 (0.5%) was Black, 157 (78.9%) were White, and 18 (9.0%) were other or unreported race and ethnicity.",Race mention without explicit framing
K243794,"The subjects whose TTE clips were used in the study were: Subjects (mean ± SD (n) (min, max) or % (n/N) ) Age (years) 59.00±16.66 (3964);(18.00;100.00) Gender Male 48.56% (1925/3964) Female 51.44% (2039/3964) Race Asian 2.70% (107/3964) Black or African American 45.18% (1791/3964) White 30.25% (1199/3964) Other/Mixed 21.85% (866/3964) Unknown 0.03% (1/3964) BMI (kg/ m2) 28.85±7.06 (3964);(12.40;63.60) In addition, the performance of the software was accessed in analysis stratified by demographic variables (age, BMI, gender and race) and clinical status (healthy, suspected of disease).",Race as statistical subgroup
K231470,"In terms of ethnicity and race, the cases were composed of White, American Indian, African American, Asian, and other races, and representative of the general US population.",Race mention without explicit framing
K231470,"modality manufacturer, slice thickness), demographic information (e.g., age, race), and clinically relevant confounders (e.g.",Race as statistical subgroup
K250649,The findings are summarized in Table 3: Subgroup Analysis: Table 3: Sub-group Analysis Subgroup Analysis Result of Test for Heterogeneity Clinical Site Not statistically significant Sex Not statistically significant Race/Ethnicity Not statistically significant Age Group Diagnostic performance varied across age group strata (p < 0.01).,Race as statistical subgroup
K220437,"Stratified results across race/ethnicity, age, gender, pathology, scanner, vendor, and magnetic field strength were provided.",Race as statistical subgroup
K252922,"Metric Acceptance Criteria Performance Results Sensitivity ≥ 0.85 0.90 with 95% CI of 0.87 - 0.94 510(k) Summary - K252922 Page 8 of 9 False Positive Rate ≤ 5 false positive lesions per MRI 0.57 lesions per MRI with 95% CI of 0.35 - 0.80 DSC ≥ 0.70 0.86 with 95% CI of 0.83 - 0.89 HD95 ≤ 2.94 mm 1.78 mm with 95% CI of 1.02 - 2.54 MSD ≤ 0.66 mm 0.36 mm with 95% CI of 0.16 - 0.56 A subgroup analysis of the data based on site, imaging manufacturer, field strength, patient race and ethnicity, age, gender, primary cancer, and site geography was conducted.",Race as statistical subgroup
K240301,Demographic information about the test population is provided in the table below: Cancer status Normal/benign: 77% Malignant: 23% Breast density A: 10% B: 44% C: 31% D: 15% Age (years old) Minimum: 32 Maximum: 93 Mean: 58 25th percentile: 49 75th percentile: 65 Race White: 37% Black: 16% Asian: 18% American Indian / Alaska native: 0.8% Native Hawaiian / Pacific islander: 0.2% Unspecified: 28% Imaging modality DBT (inc.,Race as statistical subgroup
K240301,"FFDM or 2DSM): 64% FFDM: 36% Modality manufacturer Hologic: 100% Exam dates (range) 2005 – 2023 • Standalone performances in breast cancer detection at the mammogram level overall and for all subgroups evaluated are summarized in the following table: 510(k) submission MammoScreen 3 Page 8 of 13 Subgroup Number of positive cases Number of negative cases AUROC (95% CI) Sensitivity (95% CI) Specificity (95% CI) Overall 1,053 6,420 0.927 (0.911, 0.942) 0.912 (0.895, 0.928) 0.727 (0.715, 0.740) By density A 71 658 0.953 (0.924, 0.976) 0.958 (0.901, 1.000) 0.739 (0.701, 0.778) B 489 2,682 0.933 (0.922, 0.945) 0.933 (0.910, 0.954) 0.690 (0.670, 0.709) C 415 1,822 0.921 (0.905, 0.936) 0.896 (0.867, ",Race as statistical subgroup
K223473,"Polyps evaluated varied by subject sex (270 Male, 170 Female, 6 Unknown), age (27 under 50 years, 67 50-60 years, 169 older than 60 years), race (343 Caucasian, 6 African American, 100 Unknown).",Race mention without explicit framing
K223473,"Subgroup analysis by age group, device manufacturer, sex, race, BMI, US/OUS, and reason for colonoscopy demonstrated detection between 100% to 97.3% (PRecall1 to PRecall7) in all subgroups of polyps verified by histology.",Race as statistical subgroup
K223473,"Performance (IoU 0.01 and FPPF 0.0328), over all the polyps verified by histology in the testing dataset, according to device manufacturer - FRecall CI MPC PRecall1 CI PRecall3 CI PRecall5 CI PRecall7 CI Olympus 75.8% [72.0% ; 79.5%] 81.4% 100% [100.0 %; 100.0 %] 100% [100.0 %; 100.0 %] 100% [100.0 %; 100.0 %] 100% [100.0 %; 100.0 %] Pentax 75.5% [69.8% ; 80.8%] 82.1% 100% [100.0 %; 100.0 %] 98.7% [97.2% ; 100.0 %] 98.7% [97.2% ; 100.0 %] 98.7% [97.2% ; 100.0 %] Performance (IoU 0.01 and FPPF 0.0328), over all the polyps verified by histology in the testing dataset, according to age group - FRecall CI MPC PRecall1 CI PRecall3 CI PRecall5 CI PRecall7 CI <50 83.6% [75.2% ; 90.9%] 87.4% 100% [1",Race as statistical subgroup
K223473,"The final ratios between treatment arms were 6:6:1:1.An outline of the baseline demographics is provided below: Population Treatment Group Total, n (%) (N=916) CC (N=398) CC-MEAC (N=69) MEAC (N=385) MEAC-CC (N=64) Age (years) Mean (SD) 60.4 (9.2) 60.1 (10.1) 60.4 (8.8) 59.3 (9.0) 60.3 (9.1) Median 60.0 61.0 60.0 59.5 60.0 Minimum, Maximum 27, 86 32, 86 31, 84 35, 79 27, 86 Age Group, n (%) < 50 33 (8.3) 6 (8.7) 27 (7.0) 7 (11.0) 73 (8.0) 50-60 160 (40.2) 25 (36.3) 155 (40.3) 25 (39.1) 365 > 60 205 (51.5) 38 (55.1) 203 (52.7) 32 (50.0) 478 K223473 Page 9 of 13 Sex, n (%) Male 219 (55.0) 38 (55.1) 202 (52.5) 34 (53.1) 493(53.8) Female 179 (45.0) 31 (44.9) 183 (47.5) 30 (46.9) 423 BMI (kg/m2) M",Race as statistical subgroup
K230751,"K230751 Page 4 of 17 Table 2: Patient demographics Item WLI LCI Number of Patients 149 (With lesion:119, Without lesion: 30) 144 (With lesion: 114, Without lesion: 30) Age (range) 56.6 ± 10.8 (23 - 85) 56.5 ± 10.7 (23 - 85) Male sex 81 % 81 % Race Asian 100% Asian 100% Number of Patients for screening 146 142 Number of Patients for surveillance 3 2 Table 3: Detailed Dataset of standalone performance testing Mode Item Total number Lesion Type Lesion Size (mm) Lesion Form Adenoma HP Others 1-5 6-9 ≥ 10 Polypoid (Type I) Non- Polypoid (Type II) WLI Number of lesions 164 133 26 5 119 34 11 139 25 LCI Number of lesions 154 127 25 2 112 32 10 131 23 Table 4: Summary of Number of Cases and Frames M",Race as statistical subgroup
K230751,A key demographics is provided below: Total Randomized to P-Value n = 1031 CAC n = 509 CC n = 522 Age 59.1 ± 9.8 58.9 ± 9.5 59.3 ± 10.1 0.498 Sex Male Female 514 (49.9%) 517 (50.1%) 262 (51.5%) 247 (48.5%) 252 (48.3%) 270 (51.7%) 0.304 Hispanic 57 (5.5%) 25 (4.9%) 32 (6.1%) 0.391 Race 1 Caucasian 2 Af Am 3 Asian 4 Native Haw/PI 5 Native Am 6 Other Missing 743 (72.3%) 169 (16.5%) 63 (6.1%) 4 (0.4%) 2 (0.2%) 46 (4.5%) 4 363 (71.6%) 86 (17.0%) 37 (7.3%) 2 (0.4%) 1 (0.2%) 18(3.6%) 2 380 (73.1%) 83 (16.0%) 26 (5.0%) 2 (0.4%) 1 (0.2%) 28 (5.4%) 2 0.448 Reason for the colonoscopy 1 Screening Colonoscopy 2 Surveillance Colonoscopy 540 (52.4%) 491 (47.6%) 254 (49.9%) 255 (50.1%) 286 (54.8%) 236 (45.2,Race as statistical subgroup
K251368,"The subgroups distribution is summarized in the table below: Subgroup Number of cases (total=750) Number of images (total=5,554) Center Center 1 (EU) 139 (18.5%) 1162 (20.9%) Center 2 (EU) 79 (10.6%) 500 (9%) Center 3 (EU) 96 (12.8%) 739 (13.3%) Center 4 (US) 141 (18.8%) 1008 (18.1%) Center 5 (US) 118 (15.7%) 728 (13.1%) Center 6 (US) 102 (13.6%) 800 (14.4%) Center 7 (US) 75 (10%) 617 (11.2%) Territory US 436 (58.1%) 3153 (56.8%) EU 314 (41.9%) 2401 (43.2%) Gestational age 2nd trimester 392 (52.3%) 3107 (55.9%) 3rd trimester 358 (47.7%) 2447 (44.1%) Maternal age < 20 years 42 (5.6%) 300 (5.4%) [20-29] years 299 (39.9%) 2135 (38.4%) [30-39] years 324 (43.2%) 2434 (43.8%) ≥40 years 41 (5.5%) 3",Race as statistical subgroup
K251368,"The subgroups distribution is summarized in the table below: Subgroup Number of cases (total=441) Number of images (total=6,024) Center Center 1 (EU) 67 (15.2%) 966 (16%) Center 2 (EU) 50 (11.3%) 560 (9.4%) Center 3 (EU) 99 (22.4%) 1515 (25.1%) Center 4 (US) 53 (12%) 753 (12.5%) Center 5 (US) 51 (11.7%) 571 (9.5%) Center 6 (US) 121 (27.4%) 1659 (27.5%) Territory US 225 (51%) 2983 (49.5%) K251368 510(k) Summary Document number: 300-TEMP-17 version 02 Application date: 2024-10-23 Page 18 / 19 EU 216 (49%) 3041 (50.5%) Gestational age 2nd trimester 280 (63.5%) 3848 (63.9%) 3rd trimester 161 (36.5%) 2176 (36.1%) Maternal age < 20 years 20 (4.5%) 266 (4.4%) [20-29] years 181 (41%) 2436 (40.4%) [3",Race as statistical subgroup
K243793,"The demographic for the subjects associated with the clips included in the study are presented in the tables below and additionally refer to Table 6 and Table 7 for detail different market regions stratified by demographics and age and BMI stratification by modes: Table 1: AutoMeasure Subjects’ Demographics Subjects (mean ± SD (n) (min, max) or % (n/N) ) Age (years) 59.00±16.66 (3964);(18.00;100.00) Gender Male 48.56% (1925/3964) Female 51.44% (2039/3964) Race Asian 2.70% (107/3964) Black or African American 45.18% (1791/3964) White 30.25% (1199/3964) Other/Mixed 21.85% (866/3964) Unknown 0.03% (1/3964) BMI (kg/ m2) 28.85±7.06 (3964);(12.40;63.60) Table 2: AutoStrain Subjects’ Demographics S",Race as statistical subgroup
K222755,DeepRecon American Volunteers' Demographic Distribution Subjects' Characteristics Total(N=68) Gender Male 24 Female 44 Age 18-29 11 30-44 14 45-64 24 >=65 19 Ethnicity White 26 Black 17 Asian 19 Hispanic (of any race) 6 Body Mass Index (BMI) Underweight (<18.5) 2 Healthy weight (18.5-24.9) 17 Overweight (25.0-29.9) 25 Class1 Obesity (30.0-34.9) 14 Class2 Obesity (35-39.9) 5 Class3 Obesity (>=40) 5 The independence of testing datasets were ensured by collecting testing data from various clinical sites and during separated time periods and on subjects different from the training data.,Race as statistical subgroup
K251963,"Information about clinical subgroups and confounders present in the dataset • Gender: Male 24.2% (8), Female 75.8% (25) • Age: 60 ±15.7 (average and standard deviation) (24 Min, 83 Max) • BMI: 27±5.6 (average and standard deviation) (16 Min, 38 Max) • Ethnicity: not hispanic 96.4%(27), hispanic 3.6% (1) • Race : Asian 12.9% (4), White 77.4% (24), Black 9.7% (3) • Country: USA (100%) Information about equipment and protocols used to collect images Mix of data from across three different probe models and three different Console variants.",Race as statistical subgroup
K251963,"Information about clinical subgroups and confounders present in the dataset • Gender: Male 44% (11), Female 56% (14) • Age: 62 ±16.03 (average and standard deviation) (23 Min – 83 Max) • BMI: 23.48 ± 4.94 (average and standard deviation) (16.65 min – 36.73 max) • Race: Asian 64% (16), White 36% (9) • Country: USA (40%), Japan (60%) Information about equipment and protocols used to collect images Validation images were collected on LOGIQ Fortis with the C1-6 probe with a standardized protocol.",Race as statistical subgroup
K251963,"Table 1 summarizes baseline demographic information from the clinical study including sex, age, BMI, race, and ethnicity.",Race as statistical subgroup
K243341,"The race distribution of this cohort indicated 81% white, 6% African American, 1% Asian, 1% multi-race and 11% unknown, whereas ethnicity distribution was 6% Hispanic, 78% non-Hispanic and 16% unknown.",Race as statistical subgroup
K234042,"The study population contained 50.0% males and 50.0% females, with a mean chronological age of cases was 9.2 years old and 120 cases in each three-year age interval.The race or ethnicities of cases include White, Hispanic, Black, Asian, Multiple, etc.",Race mention without explicit framing
K234042,"As shown in the table below, we also evaluated the performance of EFAI BAPXR in various clinical subgroups to see if these factors systematically affect the device performance, including gender, age, race or ethnicity, clinical organization, X-ray manufacturer, input image with radiologic findings (including epiphyseal, finger, carpal/ metacarpal, radius/ ulna, others, and multiple), and image quality issues (including poor image quality, poor position, foreign body, artifact, and multiple).",Race as statistical subgroup
K234042,"Subgrouping Analysis Results of EFAI BAPXR Intercept (95% CI) Slope (95% CI) Gender Female 0.01 (-0.07, 0.09) 0.99 (0.98, 1.00) Male -0.14 (-0.23, -0.04) 1.00 (0.99, 1.01) Age Pre-puberty 0.03 (-0.07, 0.13) 0.98 (0.96, 0.99) Early & Mid-puberty -0.06 (-0.25, 0.13) 0.99 (0.98, 1.01) Late-puberty -1.10 (-1.46, -0.74) 1.07 (1.04, 1.09) Race or Ethnicity White -0.05 (-0.14, 0.04) 0.99 (0.99, 1.00) Hispanic 0.05 (-0.12, 0.22) 0.98 (0.97, 1.00) Black or African -0.17 (-0.55, 0.20) 1.01 (0.98, 1.04) Asian -0.12 (-0.28, 0.04) 0.99 (0.98, 1.01) Multiple -0.19 (-0.36, -0.01) 1.00 (0.98, 1.02) Other Races or Ethnicities -0.07 (-0.31, 0.17) 0.99 (0.97, 1.01) Clinical Organization Org A 0.12 (-0.13, 0.37",Race as statistical subgroup
K250507,"The development data included a diverse group of subjects with respect to demographic factors (e.g., age, sex, race, ethnicity, and BMI) that are representative of the intended use population.",Race as statistical subgroup
K250507,"The demographic subgroup analyses were pre-specified and adjusted for age, sex, BMI, race, and Blood Pressure.",Race as statistical subgroup
K250507,"Male) 0.93 [0.77, 1.12] 0.97 [0.93, 1.03] Race Not White vs.",Race mention without explicit framing
K250507,"Importantly, comparisons of sex, race, and skin tone suggested no clinically meaningful difference after covariate adjustment.",Race mention without explicit framing
K243235,"Race information was available for total of 69/101 (69%) patient examinations collected from US, among them 21/69 (30%) were indicated as Black or African Americans, 46/69 (67%) were indicated as white and 2/69 (3%) were Asian.",Race mention without explicit framing
K242467,Data Bin Datasets Percentage of Total (%) Gender Male 437 54.4% Female 300 37.3% N/A 67 8.3% Age (years) <50 89 11.1% ≥50 AND <60 150 18.7% ≥60 AND <70 257 32.0% ≥70 AND <80 215 26.7% ≥80 46 5.7% N/A 47 5.8% Race/Ethnicity White 302 37.6% African-American 27 3.4% Asian 21 2.6% Hispanic 2 0.2% American Indian or Alaska Native 2 0.2% Native Hawaiian or Other Pacific Islander 1 0.1% Other 1 0.1% N/A 448 55.7% 510(k) Summary – IQ UIP 8 The following table describes clinical subgroups and cofounders present in the dataset.,Race as statistical subgroup
K221868,"QOCA® image Smart CXR Image Processing System Traditional 510(k), K221868.AI2, Supplement 5 Section 5 - 510(k) Summary Characteristics Subset Quantity Supine view 809 Race and ethnicity Asian 200 Black/African American 402 Hispanic or Latino 598 White 1,905 Second, the additional Taiwanese dataset was used to demonstrate the generalizability to different imaging equipment.",Race mention without explicit framing
K221868,"The characteristics of the Taiwanese dataset summarizes in below table: Characteristics Subset Quantity Age 22 ≤ age < 65 2,697 65 ≤ age 250 Gender Male 1,262 Female 1,685 Radiographic positioning PA view 501 AP erect view 1,431 Supine view 1,015 Race and ethnicity Taiwan population 2,947 Imaging equipment MRAD-A50S 287 MRAD-A80S 185 Besides, we assessed the performance time of the subject device that reflects the time it takes for the device to analyze the study and send a notification to the worklist.",Race as statistical subgroup
K242129,"The performance of VitalRhythm, when assessed using the independent test database, in terms of sensitivity, specificity, positive predictive value (PPV), negative predictive value (NPV), and accuracy is provided in the table below: K242129 page 11 of 11 Rhythm Sample size Observed performance Patient Dataset Sensitivity Specificity PPV NPV Accuracy Atrial fibrillation/ flutter 421 1512 99.9 99.9 99.8 99.9 99.9 AV block (2nd degree, Type I and II) 118 716 98.7 100.0 99.9 99.9 99.9 Paroxysmal supraventricular tachycardia 689 1003 98.6 99.9 99.4 99.9 99.9 Ventricular tachycardia/run 610 737 99.3 99.9 99.4 99.9 99.9 Pause 200 960 99.7 100.0 99.9 100.0 100.0 Others (inconclusive) 1547 1923 98.9 9",Race as statistical subgroup
K240058,"Further sub-analyses showed that there were no significant effects of age, sex, race/ethnicity, HbA1c, diabetic duration since diagnosis, lens status, positive ETDRS levels, or pharmacological dilation on sensitivity and specificity.",Race mention without explicit framing
K240058,"Further sub-analyses showed that there were no significant effects of sex, race/ethnicity, HbA1c, diabetic duration since diagnosis, lens status, positive ETDRS levels, or pharmacological dilation on sensitivity and specificity.",Race mention without explicit framing
K223501,Race The distribution of race between the target population (USA) and the Test Set is sufficiently similar that it would not preclude generalization as shown in the figure below.,Race mention without explicit framing
K223501,"Figure: Race distribution comparison ViewFinder 510(k) Summary ViewFinder 510(k) Summary April 19th, 2023 Page 9 The test data collection resulted in a test set which consists of 34 CC-MLO pairs of key points in 30 cases acquired from assessment clinics at the King’s College Hospital (KCH) from April 2018 to November 2021.",Race mention without explicit framing
K222179,"Each of the two cohorts included representation across subgroups for patient demographics (gender, age, ethnicity, race), technical parameters (imaging equipment make, model), imaging parameters (positioning, projections), co-existing findings or abnormalities, finding characteristics (size and laterality) and common mimics.",Race as statistical subgroup
K231677,There is no specific relationship between bladder shape and race proven by sufficient clinical studies.,Race mention without explicit framing
K253532,"Race/ethnicity was not recorded; for myocardial perfusion SPECT noise-reduction performance, algorithm behaviour is driven by physical/physiological imaging characteristics (count statistics, anatomy, acquisition protocol) that are not known to be affected by patient ethnicity.",Race as statistical subgroup
K251494,"Race was documented for 458 (74.5%) patients and of that subset, the majority was White (412 [90.0%]), followed by Black or African American (22 [4.8%]), Other (15 [3.3%]), Asian (6 [1.3%]), Native Hawaiian or Other Pacific Islander (2 [<1%]), and American Indian or Alaska Native (1 [<1%]) and therefore representative of the intended use population.",Race mention without explicit framing
K251494,Race information was unavailable for 2 patients.,Race mention without explicit framing
K251494,Race/ethnicity No significant differences were observed for both structural murmur classification and Atrial Fibrillation detection.,Race mention without explicit framing
K231837,"As part of a secondary analysis, the company stratified the device performance by various confounding variables: age (Table 1); by gender (Table 2); by race (Table 3); by scanner manufacturer (Table 4); by clinical site (Table 5); by vessel affected (Table 6) and by presence of stenosis as noted by the truthers (Table 7).",Race as statistical subgroup
K231837,"Summary of performance metrics from patients sub-categorized by race-ethnicity, with 95% confidence intervals where appropriate.",Race as statistical subgroup
K232331,"Data analysis of subgroups included race/ ethnicity, age, gender, BMI, imaging site and equipment, and ejection fraction values.",Race as statistical subgroup
K252214,"The data set included 56% male and 44% female patients with an average age of 72.3 and 71.1 years, respectively, and the race/ethnicity distribution was 56% White, 28% Asian, 11% Hispanic or Latino, and 6% Black or African American.",Race mention without explicit framing
K240406,"The results of the standalone performance testing demonstrated that Sonio Detect performs the following, as summarized in table below: Table 6: results of the standalone performance testing Items (fetal ultrasound views, anatomical structures and characteristics automatically detected) Sensitivity Specificity Point Estimate Wilson CI (95%) Point Estimate Wilson CI (95%) Automatic detection of 3D fetal ultrasound images 0.892 (0.836-0.931) - - Automatic detection of Doppler fetal ultrasound images 0.973 (0.937-0.988) - - Automatic detection of fetal ultrasound views through reading of annotations on images 0.913 (0.852-0.951) - - Automatic detection of 7 T1 fetal ultrasound images 0.914 (0.90",Race as statistical subgroup
K243866,"Subgroup analysis was performed across age, gender, BMI, race/ethnicity, CA type, sites, and imaging manufacturers.",Race as statistical subgroup
K222268,"The cohort included representation across subgroups for patient demographics (gender, age, ethnicity, race), technical parameters (imaging equipment make, model), imaging parameters (positioning, projections) and co-existing findings or abnormalities.",Race as statistical subgroup
K251293,Subgroup analyses were unable to be performed with gender or race demographics due to anonymization of data.,Race as statistical subgroup
K240942,"territories, to account for race/ethnicity in the intended U.S.",Race mention without explicit framing
K251873,"Additionally, subgroup analyses were performed as secondary assessments to demonstrate performance of the subject device across the intended use population and demonstrated similar standalone performance trends across breast densities, ages, race/ethnicities, and lesion types and sizes.",Race as statistical subgroup
K251873,"Numbers in parentheses for Breast Density, Patient Race, and Patient Ethnicity are percentages.",Race mention without explicit framing
K251873,All Cases (%) Breast Density A B C D 99 (4.9) 864 (43.2) 901 (45.0) 138 (6.9) Patient Age Max Mean (SD) Min 94.5 59.1 (10.9) 35.2 Patient Ethnicity Hispanic/Latino Not Hispanic/Latino Unknown 155 (7.7) 1667 (83.3) 180 (9.0) Patient Race American Indian/Alaska Native Asian Black/African American Multiple Native Hawaiian/Other Pacific Islander Other Unknown White 8 (0.4) 116 (5.8) 755 (37.7) 12 (0.6) 4 (0.2) 44 (2.2) 119 (5.9) 944 (47.2),Race mention without explicit framing
K251456,"Stratified analysis by geographical region, by ultrasound machine make, by gestational age, by mother’s BMI, and age, and by record type indicated that performance was consistent across subgroups, while analysis by mother’s race showed that the specificity 95% CI lower bound was slightly lower for Asian and Black mothers, possibly due to large confidence intervals and small sample size.",Race as statistical subgroup
K231767,"The cohort included representation across subgroups for patient demographics (gender, age, ethnicity, race), technical parameters (imaging equipment make, model), co-existing findings or abnormalities and mimics/challenging cases.",Race as statistical subgroup
K220497,"This accuracy was preserved for all critical subgroups, including MRI scanner manufacturer, race, sex, and patient age.",Race as statistical subgroup
K220497,MAE for software measurements and MDC for software segmentations by MRI scanner manufacturer: Measurement Type MAE 95% Confidence Intervals MAELimit Toshiba Siemens GE Toshiba Siemens GE Angular Measurements 2.0° 2.3° 3.6° 1.8 - 2.3° 1.6° - 3.0° 1.7° - 5.6° 6° Linear Measurements 0.9 mm 0.9 mm 1.0 mm 0.9 - 1.0 mm 0.8 - 1.0 mm 0.9 - 1.1 mm 2 mm Segmentation Type MDC 95% Confidence Intervals MDCLimit Toshiba Siemens GE Toshiba Siemens GE Compression- related Tissue Segmentations 0.73 0.69 0.76 0.71 - 0.76 0.63 - 0.75 0.71 - 0.81 0.6 Other Tissue Segmentations 0.93 0.93 0.94 0.92 - 0.93 0.92 - 0.93 0.93 - 0.95 0.8 MAE for software measurements and MDC for software segmentations by race: Measure,Race as statistical subgroup
K220332,DeepRecon American Volunteers' Demographic Distribution Subjects' Characteristics Total(N=77) Gender Male 37 Female 40 Age 18-29 14 30-44 30 45-64 24 >=65 9 Ethnicity White 36 Black 19 Asian 5 Hispanic (of any race) 17 Body Mass Index (BMI) Underweight (<18.5) 1 Healthy weight (18.5-24.9) 18 Overweight (25.0-29.9) 28 Class1 Obesity (30.0-34.9) 14 Class2 Obesity (35-39.9) 8 Class3 Obesity (>=40) 8 The independence of these testing datasets were ensured by collecting testing data from various clinical sites and during separated time periods and on subjects different from the training data.,Race as statistical subgroup
K250831,"The performance testing datasets included representation across subgroups for patient demographics (gender [female: 44.7-59.0%, male: 41.0-55.3], age [mean: 62.2-67.4 years, min: 22, max: 99-105], ethnicity [Hispanic: 6.5-8.3%, Unavailable: 2.6-6.5%], race [White/Caucasian: 80.3-84.9%, Other: 12.9-17.4%, Unavailable: 2.2-3.9%]), co-existing findings or abnormalities and technical parameters (imaging equipment make, model).",Race as statistical subgroup
K230685,"Race 84.0% White, 12.8% Black or African American, 3.2% Other.",Race mention without explicit framing
K240612,Data were acquired from different regions across the US to account for race/ethnicity in the intended US patient population.,Race mention without explicit framing
K252362,Age T1w Post Contrast Cases 19-45 18 46-92 70 510(k) Summary 510(k) Summary Page 9 of 11 Age T1w Post Contrast Cases Unknown/Missing 43 Gender T1w Post Contrast Cases Female 68 Male 52 Unknown/Missing 11 Ethnicity/Race T1w Post Contrast Cases White 99 Black 11 Latino 4 Asian 5 Unknown/Missing/Other 12 Distribution of Validation cases across Manufacturer and Field Strength are shown in the tables below.,Race mention without explicit framing
K233788,"The demographic distribution of the study population includes the following: Demographic Result (N=400) (% (xx/N) Sex Female 56.3% (225/400) Male 43.8% (175/400) Age (years, mean ± SD (range)) 61.9 ± 16.6 (18.4, 98.7) Height (cm, mean ± SD (range)) 169.2 ± 10.7 (125,196) Weight (kg, mean ± SD (range)) 84.2 ± 23.7 (40.8, 263.0) BSA (m2, mean ± SD (range)) 1.9 ± 0.3 (1.3, 3.4) BMI (kg/m2, mean ± SD (range)) 29.5 ± 7.8 (15.8,78.5) Race White 31.3% (125/400) Asian 2.8% (11/400) Black or African American 53.8% (215/400) American Indian or Alaska Native 0.3% (1/400) Native Hawaiian or Other Pacific Islander 0.8% (3/400) Mixed/More than one race 9.5% (38/400) Other/Unknown/Not Reported 1.8% (7/400)",Race as statistical subgroup
K233549,"Clinical performance validation study and training dataset demographic characteristics Parameter Clinical Performance Study Training Dataset N (ECGs) 4107 1597424 PAGE 3 OF 5 K233549 Tempus ECG-AF 510(k) Summary Parameter Clinical Performance Study Training Dataset Age Mean (SD) Median Min/Max 75.33 (7.16) 74.18 65.00 / 89.98 59.55 (16.64) 60.83 18.00 / 90.00 Age groups n (%) < 65 [65, 70) [70, 75) [75, 80) ≥ 80 0 (0) 1166 (29) 1004 (20) 791 (19) 1056 (26) 949277 (59) 181254 (11) 160647 (10) 131944 (8) 174302 (11) Sex n (%) Female Male Unknown 2254 (56) 1761 (44) 2 (<1) 823040 (52) 774144 (48) 240 (<1) Race n (%) White Black Asian Other Unknown 3281 (82) 433 (11) 120 (3) 141 (4) 42 (1) 15381",Race as statistical subgroup
K251455,"Race information was available for total of 47/53 (88.7%) patient examinations collected from USA, among them 19/47 (40.4%) were indicated as Black or African Americans, 20/47 (42.6%) were indicated as white, and 2/47 (4.26%) were Asian and 6/47(12.8%) had unknown race information.",Race mention without explicit framing
K241108,"This accuracy was preserved for all critical subgroups, including MRI scanner manufacturer, patient age, gender and race, except for the dural sac area measurement from MR studies conducted using Philips MR equipment and for patients in over 51 year-old age group.",Race as statistical subgroup
K213882,"There was no reported serious adverse event related to the use of the EarliPoint system and, like the CanvasDx device study, there was evidence of EarliPoint device performance differences across subjects based on sex, race/ethnicity.",Race as statistical subgroup
K233968,to account for race/ethnicity in the intended U.S.,Race mention without explicit framing
K243294,"The distribution by race/ethnicity was that 35.5%(50) of patients were white, 10.2% (14) were Black/African America, 5.8% (8) were Hispanic or Latino, 1 (0.7%) was Asian, 1 (0.7%) was American Indian/ Native American, 2.2% (3) were Other and 43.8% (60) were unknown.",Race mention without explicit framing
K243685,"A detailed description of the training data is available in the Table below: Total number of studies 108,775 Density distribution A: 12.79% B: 34.58% C: 42.94% D: 9.38% Unknown (excluded): 0.31% Patient ages First quartile (Q1): 47.0 Mean: 56.0 Third quartile (Q3): 64.0 Patient Race / Ethnicity White: 49.13% Asian: 7.63% Black or African American: 0.43% Native Hawaiian or Pacific Islander: 0.09% Unknown: 42.72% Manufacturer Hologic: 61.63% GE: 38.37% Non-Clinical Performance Testing MammoScreen BD is a software-only device.",Race as statistical subgroup
K243685,"Number of included patients 922 500 376 Number of included studies 1,155 500 490 Age distribution Range: [40 – 90] First quartile (Q1): 50.0 Mean: 58.5 Third quartile (Q3 : 66.0 • Age < 55: 570 • 55 ≤ Age < 65: 308 • Age ≥ 65: 269 Range: [36 – 86] First quartile (Q1): 48.0 Mean: 56.0 Third quartile (Q3): 65.0 • Age < 55: 234 • 55 ≤ Age < 65: 130 • Age ≥ 65: 136 Range: [31 -86] First quartile (Q1) : 47.0 Mean : 57.2 Third quartile (Q3): 67.0 • Age < 55: 234 • 55 ≤ Age < 65: 130 • Age ≥ 65: 136 Race and Ethnicity distribution White: 273 Asian: 102 Black or African American: 88 American indian or alaska native: 4 Native hawaiian or pacific islander: 4 Asian: 6 White: 401 Black or African Americ",Race as statistical subgroup
K242821,‭Predicate Device ‭Proprietary Name‬ ‭Briefcase‬ ‭Premarket Notification‬ ‭K221330‬ ‭Classification Name‬ ‭Radiological computer-assisted triage and notification software‬ ‭Regulation Number‬ ‭21 CFR 892.2080‬ ‭Product Code‬ ‭QAS‬ ‭Regulatory Class‬ ‭II‬ ‭EFAI ETTXR Traditional 510(k)‬ ‭1‬ K242821 ‭4.‬ ‭Device Description‬ ‭EFAI‬‭CHESTSUITE‬‭XR‬‭MALPOSITIONED‬‭ETT‬‭ASSESSMENT‬‭SYSTEM‬‭(EFAI‬‭ETTXR)‬‭is‬ ‭a‬‭radiological‬‭computer-assisted‬‭triage‬‭and‬‭notification‬‭software‬‭system.‬‭The‬‭software‬‭uses‬‭deep‬ ‭learning‬ ‭techniques‬ ‭to‬ ‭automatically‬ ‭analyze‬ ‭chest‬ ‭radiographs‬ ‭and‬ ‭alerts‬ ‭the‬ ‭PACS/RIS‬ ‭workstation once images with features suggestive of malpositioned ETT are,Race as statistical subgroup
K240013,"Control implemented EchoGo Heart Failure 2.0 510(K) SUMMARY Page 10 of 13 K240013 Control Description g A detailed description of the patients studied in the clinical validation (e.g., age, gender, race/ ethnicity, clinical stability) as well as procedural details of the clinical study.",Race mention without explicit framing
K231173,"To help ensure validation test datasets are representative of the intended use population, each will meet minimum demographic requirements for age, sex, race, and skin tone derived from the demographics of the United States.",Race as statistical subgroup
K241245,"Subgroups Variations N AUROC (95% CI) Age 18-65 years 1295 0.954 (0.941 - 0.966) ≥65 years 4973 0.942 (0.936 - 0.948) Sex Male 3172 0.945 (0.937 - 0.952) Female 3095 0.954 (0.947 - 0.961) Race White 4927 0.949 (0.943 - 0.954) Black 343 0.953 (0.924 - 0.977) Asian 114 0.970 (0.938 - 0.992) Hispanic 156 0.965 (0.937 - 0.986) Other 727 0.921 (0.901 - 0.937) LVEF <30% 421 0.914 (0.883 - 0.941) ≥30 to <50% 929 0.939 (0.925 - 0.953) ≥50% 4887 0.950 (0.945 - 0.956) BMI 18-25 kg/m2 1866 0.952 (0.943 - 0.961) 510(K) SUMMARY 5 >25 to 30 kg/m2 2075 0.951 (0.942 - 0.959) >30 to 35 kg/m2 1121 0.936 (0.922 - 0.949) >35 kg/m2 888 0.947 (0.932 - 0.960) Inputs Minimum inputs 6,268 0.931 (0.925 - 0.937) All a",Race as statistical subgroup
K252007,Cines were acquired from a variety of clinical sites in cities with diverse race and ethnicity populations.,Race mention without explicit framing
K240417,"Demographic information about the test population is provided in the table below: Cancer status Malignant: 26% Normal/benign: 74% Breast Density Fatty: 65% Dense: 35% Age (years old) Minimum: 35 Maximum: 90 Mean: 63 25th percentile: 55 75th percentile: 71 Race/Ethnicity White, non-Hispanic: 59% Black, non-Hispanic: 10% Asian or Pacific Islander, non-Hispanic:10% American Indian or Alaska Native, non-Hispanic: 0.3% Other or Multiracial, non-Hispanic: 8% Hispanic: 12% Imaging Modality DBT: 100% Modality Manufacturer Hologic: 100% Exam Dates (range) 2018 - 2022 Unit and integration/system level (feature) testing was performed, and expected results were achieved.",Race as statistical subgroup
K243679,"The standalone performance testing carried out to validate the device is summarized in what follows: Statistics tests for primary objective Non-inferiority in standalone cancer detection performance compared to the previous version of MammoScreen Primary endpoint • AUC at the mammogram level MS4: 0.894 (0.870, 0.919), MS2: 0.867 (0.839, 0.896), Δ: 0.027 (0.002, 0.052), p<0.0001 • AUC at the breast level: MS4: 0.919 (0.897, 0.941), MS2: 0.895 (0.871, 0.920), Δ: 0.023 (0.002, 0.045), p<0.0001 • AUC LROC at the finding level: MS4: 0.891 (0.862, 0.921), MS2: 0.837 (0.797, 0.877), Δ: 0.055 (0.032, 0.077), p<0.0001 Acceptance criteria Positive lower bound of the 95% CI of the difference in endpoin",Race as statistical subgroup
K252204,"Any selection criteria or limitations of the samples must be fully described and justified Validation Report Agreement of the measure(s) with the reference measure(s) must be assessed across the full measurement range; Validation Report Data must be provided within the clinical validation study or using equivalent datasets to demonstrate the consistency of the output and be representative of the range of data sources and data quality likely to be encountered in the intended use population and relevant use conditions in the intended use environment Validation Report Labeling The type of sensor data used, including specification of compatible sensors for data acquisition User Guide and Install",Race as statistical subgroup
K220080,"The confounding factors that were considered include 1) lesion type, 2) breast density 3) age and 4) race.",Race mention without explicit framing
K213686,"of Videos Male 34 Female 45 Race White 72 Asian 3 Black or African American 2 Not Reported - Declined 2 Ethnicity Hispanic or Latino Heritage 0 Non-Hispanic or Latin Heritage 78 Declined 1 Endoscopic Processor EVIS EXERA III processor CV-190 79 ● Results Table 3: Primary and Secondary Endpoints Results Object Level True Positive Rate (TPR) 97.87 (95% CI: 94.96, 100.0) Object Level False Positive (FP) 22.55 objects per a 15 minute interval (95% CI: 18.954, 26.148) Frame level performance (79 videos / 94 polyps) True positive: 193,861 True negative: 3,459,211 False positive: 81,930 False negative: 154,429 True positive rate per frame Mean: 55.66 % (95% CI: 55.50, 55.83) False positive rate per",Race as statistical subgroup
K241329,"In California, USA, the population of 39m people are distributed by race and hispanic origin as: White alone 70.7%, Black or African American alone 6.5%, American Indian and Alaskan Native alone 1.7%, Asian alone 16.3%, Native Hawaiian and Other Pacific Islander alone, percent 0.5%, Two or More Race 4.3%, Hispanic or Latino 40.3%, and White alone (not Hispanic or Latino) 34.7%.",Race mention without explicit framing
K241329,"In New York, USA, the population of 20m people are distributed by race and hispanic origin as: White alone 68.6%, Black or African American alone 17.7%, American Indian and Alaskan Native alone 1%, Asian alone 9.6%, Native Hawaiian and Other Pacific Islander alone, percent 0.1%, Two or More Race 2.8%, Hispanic or Latino 19.7%, and White alone (not Hispanic or Latino) 54.2%.",Race mention without explicit framing
K241329,"In the overall USA, the population of 333m people are distributed by race and hispanic origin as: White alone 75.5%, Black or African American alone 13.6%, American Indian and Alaskan Native alone 1.3%, Asian alone 6.3%, Native Hawaiian and Other Pacific Islander alone, percent 0.3%, Two or More Race 3%, Hispanic or Latino 19.1%, White alone (not Hispanic or Latino) 58.9%.",Race mention without explicit framing
K233998,"Imaging Site / Location Site 1 (North Carolina, USA), n = 35 Site 2 (Unknown State, USA) , n = 31 Site 3 (North Carolina, USA), n = 13 Site 4 (North Carolina, USA), n = 12 Site 5 (Iowa, USA), n = 4 Site 6 (North Carolina, USA), n = 3 Site 7 (North Carolina, USA), n = 2 Site 8 (Unknown State, USA), n = 1 Site 9 (North Carolina, USA), n = 1 Site 10 (Missouri, USA), n = 1 Cancer Type, n Breast Cancer, n = 23 Lung Cancer, n = 20 Prostate, n = 16 Melanoma, n = 15 Head & Neck Cancer, n = 8 Lymphoma, n = 7 Colorectal Cancer, n = 6 Other, n = 5 Gynecological Cancer, n = 3 Patient sex, n Female / Male 57/46 Patient age, years Median (range) 66 (26, 87) Patient weight, kg Median (range) 78.5 (43.0, 13",Race as statistical subgroup
K241923,"‭Performance Data ‭Performance‬‭of‬‭the‬‭EFAI‬‭MLSCT‬‭has‬‭been‬‭evaluated‬‭and‬‭verified‬‭in‬‭accordance‬‭with‬‭software‬ ‭specifications‬‭and‬‭applicable‬‭performance‬‭standards‬‭through‬‭software‬‭verification‬‭and‬‭validation‬ ‭testing.‬‭Additionally,‬‭the‬‭software‬‭validation‬‭activities‬‭were‬‭performed‬‭in‬‭accordance‬‭with‬‭IEC‬ ‭62304:2006/A1:2016‬‭-‬‭Medical‬‭device‬‭software‬‭–‬‭Software‬‭life‬‭cycle‬‭processes,‬‭in‬‭addition‬‭to‬ ‭the‬ ‭FDA‬ ‭Guidance‬ ‭documents,‬ ‭“Content‬ ‭of‬ ‭Premarket‬ ‭Submissions‬ ‭for‬ ‭Device‬ ‭Software‬ ‭Functions”‬‭and‬‭“Cybersecurity‬‭in‬‭Medical‬‭Devices:‬‭Quality‬‭System‬‭Considerations‬‭and‬‭Content‬ ‭of Premarket Submissions.”‬ ‭Ever‬‭Fortune.A",Race as statistical subgroup
K233755,"The proprietary dataset included more than 1200 ECGs with approximately 25% females, 25% males and 50% gender unknown, approximately 16% whites, 24% non-whites, and 60% race unknown, and approximately 66% of ECGs recorded in the US.",Race mention without explicit framing
K240793,"This accuracy was preserved for all critical subgroups, including MRI scanner manufacturer, patient age, gender and race.",Race as statistical subgroup
K242437,"Sub-group Analysis Sub-group analyses were performed for patient demographics (i.e., age, sex, race), imaging hardware, and primary vs.",Race as statistical subgroup
K221179,No race/ethnicity information was collected in either AASM Accredited Sleep Test Facility.,Race mention without explicit framing
K250780,"Race：78% White, 12% Black or African American, 10% Other.",Race mention without explicit framing
K243449,"The product can be used widely regardless of nationality, race, age or gender.",Race mention without explicit framing
K251071,"OT relationship 0.869 (0.781 ; 0.925) 0.991 (0.979 ; 0.996) 0.952 (0.884 ; 0.981) 0.989 (0.977 ; 0.995) Enlarged CTR 0.955 (0.876 ; 0.985) 1.000 (0.993 ; 1.000) 0.955 (0.876 ; 0.985) 1.000 (0.993 ; 1.000) Cardiac axis deviation 0.945 (0.851 ; 0.981) 1.000 (0.993 ; 1.000) 0.945 (0.851 ; 0.981) 1.000 (0.993 ; 1.000) PV/AV size discrepancy 0.954 (0.914 ; 0.975) 0.989 (0.977 ; 0.995) 0.954 (0.914 ; 0.975) 0.989 (0.977 ; 0.995) RV/LV size discrepancy 0.950 (0.900 ; 0.975) 1.000 (0.993 ; 1.000) 0.950 (0.900 ; 0.975) 1.000 (0.993 ; 1.000) TV/MV size discrepancy 0.943 (0.896 ; 0.970) 1.000 (0.993 ; 1.000) 0.943 (0.896 ; 0.970) 1.000 (0.993 ; 1.000) Stratified analysis by gestational age, by mother’s",Race as statistical subgroup
K251071,"Stratified analysis by gestational age, by mother’s age, BMI and race, by ultrasound machine make and model, image quality, reader specialty, reader country of practice and for each suspicious finding indicated that performance was consistent across subgroups.",Race as statistical subgroup
K220105,"Similar reader performance trends were observed across breast densities, ages, race/ethnicities, lesion types and sizes, and radiologist specialization.",Race as statistical subgroup
K220105,"Similar standalone performance trends were observed across breast densities, ages, race/ethnicities, and lesion types and sizes.",Race as statistical subgroup
K250151,"(5) Labeling must include the following: (i) The type of sensor data used, including specification of compatible sensors for data acquisition; (ii) A description of what the device measures and outputs to the user; (iii) Warnings identifying sensor reading acquisition factors that may impact measurement results; (iv) Guidance for interpretation of the measurements, including warning(s) specifying adjunctive use of the measurements; (v) Key assumptions made in the calculation and determination of measurements; (vi) The measurement performance of the device for all presented parameters, with appropriate confidence intervals, and the supporting evidence for this performance; (vii) A detailed de",Race as statistical subgroup
K250151,"Summary Demographic Data: Clinical Characteristic Training Data (N=4371) Testing Data (N=1647) CA Cases (N=2241) Control Cases (N=2130) CA Cases (N=664) Control Cases (N=983) Age, years, n (%) <=50 48 (2.1%) 487 (22.9%) 23 (3.5%) 143 (14.5%) 51-60 138 (6.2%) 384 (18%) 43 (6.5%) 173 (17.6%) 61-70 454 (20.3%) 445 (20.9%) 136 (20.5%) 225 (22.9%) 71-80 989 (44.1%) 453 (21.3%) 271 (40.8%) 263 (26.8%) >80 612 (27.3%) 357 (16.8%) 186 (28%) 175 (17.8%) Not reported 0 (0%) 4 (0.2%) 5 (0.8%) 4 (0.4%) Sex, n (%) Female 382 (17%) 816 (38.3%) 151 (22.7%) 350 (35.6%) Male 1859 (83%) 1314 (61.7%) 508 (76.5%) 631 (64.2%) Not reported 0 (0%) 0 (0%) 5 (0.8%) 2 (0.2%) Race, n (%) African American 260 (11.6%) 1",Race as statistical subgroup
K250151,"The outcomes of the subgroup analysis are provided in the following breakdown, Stratified by Age Subgroup Primary Analyses Age Sensitivity (%) (95% CI) Specificity (%) (95% CI) < 65 years 78.02 (69.51, 86.53) 88.63 (85.27, 91.99) >= 65 years 88.7 (85.87, 91.54) 86.58 (83.63, 89.52) Stratified by Gender Subgroup Primary Analyses Gender Sensitivity (%) (95% CI) Specificity (%) (95% CI) Female 85.61 (79.62, 91.59) 87.83 (84.15, 91.5) Male 87.41 (84.3, 90.52) 87.21 (84.43, 89.99) Stratified by Race Subgroup Primary Analyses Race Sensitivity (%) (95% CI) Specificity (%) (95% CI) Asian 92.31 (88.13, 96.49) 85.29 (80.43, 90.15) African American 85.38 (80.62, 90.13) 87.5 (83.57, 91.43) Hispanic or L",Race as statistical subgroup
K233409,Race/ethnicity No significant differences were observed.,Race mention without explicit framing
K243851,"• Subgroup analyses (Good/Fair embryos) were conducted for several factors, including age group, BMI category, Race and Ethnicity categories, and clinical site (with CHLOE score).",Race as statistical subgroup
K243851,Analysis of Race and Ethnicity subgroups was found to not support definitive conclusions regarding performance in these groups due to the small number of participants in the non-White and Hispanic subgroups.,Race as statistical subgroup
K223357,"86% (147/171) of the cohort was White, 10.5% (18/171) Black, 0.6% (1/171) Asian, 2.3% (4/171) other race, 0.6% (1/171) Native Hawaiian or other Pacific Islander.",Race as statistical subgroup
K250959,"BioticsAI 510(k) Summary Page 9 of 12 The results of the standalone performance testing demonstrate that BioticsAI: Table 5: Results of Standalone Performance Testing for AI-1: High-Level Anatomy Classification Items (fetal ultrasound views detected) Sensitivity Specificity Point Estima te Bootstrappi ng CI (95%) Point Estima te Bootstrappi ng CI (95%) AI-1 High Level Anatomy: Fetal “Abdomen” View Detection across any of: (“Bladder Plane ”,, “Kidneys Plane”, “Stomach Umbilical Plane“, “Cord Insertion Plane”) 0.953 (0.942, 0.962) 0.986 (0.984, 0.989) AI-1 High Level Anatomy: Fetal “Face” View, Detection across any of: (“Median Facial Profile Plane”, “Coronal Plane of Upper Lip, Nose, and Nost",Race as statistical subgroup
K231384,"The cohort included representation across subgroups for patient demographics (gender, age, ethnicity, race), technical parameters (imaging equipment make, model) and co-existing findings or abnormalities.",Race as statistical subgroup
K232699,"Performance analyses were also conducted in subgroups of age, sex, and race.",Race as statistical subgroup
K232699,K232699 Page 4 of 9 510(k) Summary Low Ejection Fraction AI ECG Algorithm Table 2: Subgroup Analyses Subgroup Analysis Result of Test for Heterogeneity Clinical Site Not statistically significant Biological Sex Not statistically significant Race/Ethnicity Not statistically significant Age Group Diagnostic performance varied across age strata (p < 0.01).,Race as statistical subgroup
K221183,"Further sub-analyses showed that there were no significant effects of sex, race/ethnicity, HbA1c (<10% vs >10%), age (<55 years vs >55 years), diabetic duration since diagnosis (<10 years vs >10 years, if available) and lens status on sensitivity and specificity.",Race mention without explicit framing
K240353,"Subject Device K193658 Average time to notification 16.39 ± 5.46 seconds (0.27 ± 0.091 minutes) 0.49 ± 0.15 minutes As part of a secondary analysis, the company stratified the device performance by various confounding variables: Performance Stratified by Clinical Site Clinical Site Sensitivity [95% Cl] Specificity [95% Cl] Clinical Site 1 100.00 [59.04, 100.00] 100.00 [59.04, 100.00] Clinical Site 2 92.86 [66.13, 99.82] 50.00 [1.26, 98.74] Clinical Site 3 100.00 [2.50, 100.00] - [-, -] Clinical Site 4 100.00 [15.81, 100.00] 90.00 [55.50, 99.75] Clinical Site 5 100.00 [59.04, 100.00] 94.12 [71.31, 99.85] Clinical Site 6 100.00 [2.50, 100.00] - [-, -] Clinical Site 7 100.00 [47.82, 100.00) 100",Race as statistical subgroup
K233196,"Clinical Testing Dataset Distribution Demographic information on subjects (N=114) Gender, n(%) Male, 114 (100%) Age Mean ± SD 66.38 ± 5.33 Median (Min, Max) 66 (57, 78) 7 Age group, n (%) 55~59 14 (12.3%) 60~69 63 (55.3%) 70~79 37 (32.5%) Races White 106 (92.9%) African American 7 (6.1%) Asian 1 (0.9%)  As indicated in a paper by Mavropoulos (2007)2, there is no significant association between race and prostate size.",Race as statistical subgroup
K233196,Given that race or ethnicity does not impact measuring prostate area or volume.,Race mention without explicit framing
K233196,"95% confidence interval of the dice coefficient and Hausdorff distance calculated by comparing ground truth and the result of algorithms by race Race Dice Coefficient Hausdorff Distance White 0.929 *[0.925, 0.933] 2.173 *[2.066, 2.280] African American 0.925 *[0.902, 0.949] 2.085 *[1.711, 2.459] Asian 0.917 *[nan, nan] 2.929 *[nan, nan] * 95% Confidence Interval 95% confidence interval of the dice coefficient and Hausdorff distance calculated by comparing ground truth and the result of algorithms by age Age Dice Coefficient Hausdorff Distance < 60 0.938 *[0.925, 0.950] 1.871 *[1.638, 2.103] ≥ 60 0.927 *[0.923, 0.931] 2.224 *[2.114, 2.335] * 95% Confidence Interval Clinical Testing (Reader Pe",Race as statistical subgroup
K233196,"And regardless of by race and age, the results were better in all cases with aid of the prostate region segmentation algorithm of MEDIHUB PROSTATE.",Race mention without explicit framing
K240795,"“Deep train” (n=11701) “Heartbeats” (n=5089) Geography European Union United States Race and Ethnicity Not captured* Not captured* Sex 73% male, 27% female 76% male, 24% female Mean age (std) 59.2 (16.3) years 51.3 (14.5) years Mean BMI (std) 27.3 (4.8) 28.3 (5.6) Table 3: Demographic datasets used for training and testing of the ML algorithm.",Race as statistical subgroup
K240795,"* Due to GDPR regulations, servers are in Europe do not the right to hold users’ race and ethnicity data Three of the clinical study datasets (HWA08 test, HWA08 CE, WEFA HWA09 part 1) were used as a first layer of validation sets to verify that the models trained were capable of generalizing.",Race as statistical subgroup
K231805,"Subgroup analyses was performed and presented for relevant subgroups including age, gender, race, nodule characteristics, manufacturer, location of nodule, scan view and confounders.",Race as statistical subgroup
K231805,"Subgroup analyses was performed and presented for relevant subgroups including age, gender, race, nodule characteristics, manufacturer, reader type, reader experience,location of nodule, scan view and confounders.",Race as statistical subgroup
K241676,"The results also demonstrate similar age, sex, race, and ethnicity between the forced and consensus diagnostic populations, as well as between the diagnostic and prognostic populations.",Race mention without explicit framing
K241676,"Page 19 of 43 Table 11: Participant Demographics for the Diagnostic and Prognostic Populations Population Diagnostic Population: Forced (N=1222) Diagnostic Population: Consensus (N=729) Prognostic Population (N=1120) Age Mean (SD) 50.9 (17.61) 50.6 (17.35) 51.3 (17.62) Median (Range) 52.0 (18.0, 90.0) 52.0 (18.0, 90.0) 52.0 (18.0, 90.0) Sex at Birth, n (%) Female 605 (49.5%) 345 (47.3%) 544 (48.6%) Male 617 (50.5%) 384 (52.7%) 576 (51.4%) Race, n (%)* American Indian or Alaska Native 2 (0.2%) 0 (0.0%) 1 (0.1%) Asian* 11 (0.9%) 6 (0.8%) 8 (0.7%) Black or African American 360 (29.5%) 223 (30.6%) 321 (28.7%) Native Hawaiian or Other Pacific Islander 2 (0.2%) 2 (0.3%) 2 (0.2%) White* 786 (64.3%)",Race as statistical subgroup
K241676,PCT results stratified by race.,Race as statistical subgroup
K241676,0.18) for PCT potentially indicating an impact of race on accuracy of PCT.,Race mention without explicit framing
K241676,"Table 21: Accuracy of TriVerity Bacterial Scores Compared to Procalcitonin by Race Population Test Race N AUROC Lower 80% CI Upper 80% CI Forced Adjudication TriVerity Bacterial Black or African American 352 0.76 0.72 0.79 Other1 76 0.86 0.81 0.91 White 758 0.76 0.74 0.78 Procalcitonin Black or African American 352 0.63 0.59 0.67 Other1 76 0.55 0.47 0.64 White 758 0.73 0.70 0.75 Consensus Adjudication TriVerity Bacterial Black or African American 218 0.83 0.80 0.87 Other1 44 0.91 0.86 0.96 White 449 0.82 0.79 0.84 Procalcitonin Black or African American 218 0.66 0.62 0.71 Other1 44 0.62 0.50 0.73 White 449 0.74 0.71 0.77 1 for the calculation of AUROCs, racial groups with <15 participants we",Race as statistical subgroup
K241676,Table 26: Bacterial Interpretation Band Range by Race and Ethnicity Race/ Ethnicity TriVerity Bacterial Band Very Low (0-10) Low (11-20) Moderate (21-30) High (31-40) Very High (41-50) Asian N 3 20 4 0 0 % 11.1% 74.1% 14.8% 0.0% 0.0% Black N 14 12 1 0 0 % 51.9% 44.4% 3.7% 0.0% 0.0% Hispanic N 4 6 1 1 0 % 33.3% 50.0% 8.3% 8.3% 0.0% White N 6 44 3 1 0 % 11.1% 81.5% 5.6% 1.9% 0.0% Total N 27 82 9 2 0 % 22.5% 68.3% 7.5% 1.7% 0.0% Table 27: TriVerity Reference Viral Interpretation Band Range by Race and Ethnicity Race/ Ethnicity TriVerity Viral Band Very Low (0-10) Low (11-20) Moderate (21-30) High (31-40) Very High (41-50) Asian N 6 11 8 2 0 % 22.2% 40.7% 29.6% 7.4% 0.0% Black N 3 11 6 3 4 % 11.,Race mention without explicit framing
K241676,Page 42 of 43 Table 28: TriVerity Reference Severity Interpretation Band Range by Race and Ethnicity Race/ Ethnicity TriVerity Severity Band Very Low (0-10) Low (11-20) Moderate (21-30) High (31-40) Very High (41-50) Asian N 22 4 0 1 0 % 81.5% 14.8% 0.0% 3.7% 0.0% Black N 25 2 0 0 0 % 92.6% 7.4% 0.0% 0.0% 0.0% Hispanic N 12 0 0 0 0 % 100% 0.0% 0.0% 0.0% 0.0% White N 45 9 0 0 0 % 83.3% 16.7% 0.0% 0.0% 0.0% Total N 104 15 0 1 0 % 86.7% 12.5% 0.0% 0.8% 0.0% 13.0 INSTRUMENT NAME Myrna™ 14.0 SYSTEM DESCRIPTION 14.1 Modes of Operation: Quantitative Reverse Transcription Loop-Mediated isothermal Amplification (qRT-LAMP) of mRNA 14.2 Software: FDA has reviewed applicant’s Hazard Analysis and softwar,Race mention without explicit framing
K252178,"Polyps evaluated varied by subject sex (270 Male, 170 Female, 366 Unknown), age (60 under 50 years, 133 50-60 years, 256 older than 60 years, 357unknown), race (343 Caucasian, 6 African American, 457 Unknown).",Race mention without explicit framing
K233209,"Note 4: Compared to predicate device, the proposed device adds the comparison of the computed Agatston Score to cited literature called Distribution of Coronary Artery Calcium by Race, Gender, and Age.",Race mention without explicit framing
K250427,"Ethnicity: 4 Not Hispanic or Latin, 154 Unknown Race: 1 African American, 104 White, 53 Unknown Note: due to anonymization, ethnicity and race information were not available for all cases.",Race mention without explicit framing
K222728,"of Participating Physicians / Study Site Site 1 5 5 8 12 12 Site 2 1 1 2 3 2 Site 3 3 3 1 1 3 Site 4 3 3 8 1 6 Site 5 2 2 4 5 2 Clinical Subgroups and Confounding Factors By Study Site None None None None None By Equipment None None None None None Age Mean Min, Max 51 26, 94 50 26, 84 51 31, 80 62 27, 87 60 14, 88 Sex Male Female Not Reported 0.0% 100.0 0.0% 0.0% 100.0% 0.0% 2.2% 97.8% 0.0% 79.3% 29.7% 0.0% 39.1% 34.8% 26.1% Race Asian Black/African American White Native Hawaiian or Pacific Islander British American Indian or Alaskan Native Other / not available 9.8% 13.7% 39.2% 0.0% 7.8% 2.0% 27.5% 2.1% 14.9% 78.7% 0.0% 0.0% 0.0% 4.3% 26.1% 13.0% 32.6% 0.0% 0.0% 4.3% 23.9% 5.4% 12.0% 73.9% ",Race as statistical subgroup
K241098,"Both datasets were curated to represent the diverse patient population across the United States, with no exclusion criteria based on race or ethnicity.",Race mention without explicit framing
K233977,Demographic distribution of the patients is summarized below: Parameter Fitting Cohort (Training) Validation Cohort Number of patients 112 70 Number of Sites 4 3 Velacur 510(k) Summary Model: LI-1005 Section 5 - 4 Section 5 5-4 Sex (% Female) 53% Female 75.7% Female Age (mean ± std) 57.4 ± 11.7 46.9 ± 13.8 BMI (mean ± std) 30 ± 4.4 30.9 ± 7.58 Race/Ethnicity (% white) 36 % 69 % MRI PDFF (mean ± std) 14.2 ± 8.23 10.1 ± 9.75 The final correlation coefficient [95% CI] in the validation cohort was 0.85 [0.77-0.91].,Race as statistical subgroup
K241891,Demographic Distribution of Patients Full Dataset % n Age* <=40 3.9 117 - 41-50 3.2 96 - 51-60 22.4 677 - 61-70 29.8 901 - >70 25.7 779 Sex* Female 34.8 1054 - Male 55.4 1678 Ethnicityⴕ Hispanic or Latino 4.4 73 - Not Hispanic or Latino 95.6 1586 Raceⴕ White 85.8 1411 - Black or African American 9.2 152 - Asian 2.9 48 - Multi-race 1.4 23 - Native Hawaiian or other Pacific Islander 0.5 8 - American Indian 0.2 3 *Age and sex information absent for 10-15% of patients due to data source deidentification processes.ⴕRace and ethnicity information present only for a limited subset of ~40% of patients due to data source deidentification.,Race as statistical subgroup
K233247,"Demographic information Demographic Total (N = 600) Gender Female 288 (48.0%) Male 312 (52.0%) Age ൑65 years 263 (43.8%) >65 tears 337 (56.2%) Race Asian 26 (4.3%) Black or African American 35 (5.8%) White 496 (82.7%) Other 28 (4.7%) 2 or more races 3 (0.5%) Declined 4 (0.7%) Unavailable 8 (1.3%) Ethnicity Hispanic 58 (9.7%) Not Hispanic 526 (87.7%) Declined 2 (0.3%) Unavailable 14 (2.3%) Subgroup analysis Slice thickness Subgroup AUC (95% CI) Sensitivity (95% CI) Specificity (95% CI) < 2.5 mm 0.936 (0.910,0.958) 87.7 (82.9,92.0) 82.9 (77.6,87.6) 2.5 to 5 mm (inclusive) 0.974 (0.961,0.985) 89.1 (85.5,92.7) 95.0 (92.5,97.2) Gender Subgroup AUC (95% CI) Sensitivity (95% CI) Specificity (95% CI",Race as statistical subgroup
K233253,"K233253 Page 5 of 5 Subgroup analyses for race are presented in Table D, below, for deterioration.",Race as statistical subgroup
K233253,"eCART Retrospective Validation Test Characteristics for the Outcomes of Clinical Deterioration by Race DETERIORATION ` Race American Indian or Alaska Native N = 6,468 Asian/Mideast Indian N = 26,681 Black/African- American N = 252,982 Native Hawaiian/Other Pacific Islander N = 2,496 White/Caucasian N = 1,384,075 AUROC 0.814 (0.808, 0.820) 486,615 0.847 (0.844, 0.850) 1,694,681 0.831 (0.830, 0.832) 20,057,696 0.862 (0.854, 0.870) 177,513 0.834 (0.833, 0.834) 104,522,118 Outcome Prevalence 1.2% 6,026/486,615 1.2% 20,736/1,694,681 1.2% 234,979/20,057,696 1.3% 2,395/177,513 1.3% 1,403,867/104,522,118 Moderate- risk threshold (≥93) Pos Rate 6.7% 32,455/486,615 7.2% 121,532/1,694,681 6.5% 1,301,62",Race mention without explicit framing
K240929,"The development data included a diverse group of subjects with respect to demographic factors (e.g., age, AHI, race, ethnicity, and BMI) representative of the intended use population.",Race as statistical subgroup
K240929,"Subjects were also enrolled based across a broad range of demographic factors, including enrollment targets for age, sex, BMI, skin tone, race, and ethnicity subgroups to ensure the study population was representative of the intended user population.",Race as statistical subgroup
K240929,"SANF Traditional 510(k) Submission One Apple Park Way Cupertino, CA 95014 Page 8 of 9 Race American Indian or Alaska Native 25 (1.7%) Asian 103 (6.9%) Black or African American 347 (23.1%) Native Hawaiian or Other Pacific Islander 3 (0.2%) White 1,021 (68.1%) Of the 1,499 enrolled subjects, 1,278 contributed to the notification performance analysis and 1,305 contributed to the breathing disturbance performance analysis.",Race as statistical subgroup
K240929,"To help ensure validation test datasets are representative of the intended use population, each will meet minimum demographic requirements for age, sex, race, BMI and ethnicity.",Race as statistical subgroup
P090012,"Data to be collected includes: relative sensitivity comparing physicians' performance before and after using MelaFind as the primary study endpoint; real-world use of MelaFind, i.e., the patient characteristics including age, gender, race/ethnicity, and Fitzpatrick Skin Type, the number of lesions that were examined by MelaFind, the proportion of lesions that meet the labeled Indications For Use among all the lesions examined by MelaFind, the proportions of positive and negative findings of MelaFind among all of the lesions examined, the proportion of lesions that are un-evaluable by MelaFind, the proportion of lesions that are found to be un-evaluable for each user of MelaFind, the number o",Race as statistical subgroup
K250119,"Demographic and Clinical Characteristics of the Training Datasets and Performance Study Dataset* Parameter Performance Study Training Dataset N 14,924 930,689 Age (in years) Mean (SD) Median Q1/Q3 Min/Max 70 (13) 70 61-80 40-90 66 (15) 68 57-77 18-90 Age (%) <65 ≥65 Unknown 5,277 (35) 9,647 (65) 387,889 (42)​ 540,456 (58) 2,344 (<1) Sex (%) Female Male Unknown 7,284 (49) 7,640 (51) 466,701 (50) 461,287 (50) 2,701 (<1) Race (%) White Black Asian Other Unknown 11,842 (79) 2,028 (14) 291 (2) 584 (4) 179 (1) 904,274 (97)​ 14,381 (2)​ 3,998 (<1)​ 2,908 (<1)​ 5,128 (1) Ethnicity (%) Hispanic Not Hispanic Unknown 1,344 (9) 13,514 (91) 66 (<1) 13,506 (1)​ 845,441 (91)​ 71,742 (8) BMI (%) <18.5 [18.5",Race as statistical subgroup
K240860,"A.22.2 ADS EchoGo Amyloidosis 1.0: Algorithm Design Specification A.22.3 ADR EchoGo Amyloidosis 1.0: Algorithmic Design Report A.7.1 EchoGo Amyloidosis 1.0 IFU: Clinician Manual A.23.1 PTP EchoGo Amyloidosis 1.0: Clinical Performance Testing Plan A.23.2 PTR EchoGo Amyloidosis 1.0: Clinical Performance Testing Report 5 Labeling must include the following: a The type of input data used, including specification of compatible hardware for data acquisition A.7.1 EchoGo Amyloidosis 1.0 IFU: Clinician Manual A.8.1 ADMAN EchoGo Amyloidosis 1.0: Administration Manual - Overview A.8.2 ADMAN EchoGo Amyloidosis 1.0: Administration Manual - InputAPI: Specification and Usage A.8.3 ADMAN EchoGo Amyloidosis",Race as statistical subgroup
K240860,"EchoGo Amyloidosis 1.0 510(K) SUMMARY Page 12 of 23 K240860 Variable Training data Testing Data (65+ years with HF) Controls Cases Controls Cases Age, years, median (IQR) <50 118 (9.4%) 122 (9.4%) - - 51-60 197 (15.6%) 206 (15.8%) - - 61-70 337 (26.7%) 356 (27.3%) 105 (14.0%) 75 (18.1%) 71-80 388 (30.7%) 389 (29.9%) 285 (38.1%) 214 (51.6%) >80 222 (17.6%) 229 (17.6%) 359 (47.9%) 126 (30.4%) Sex, n(%) Male 921 (73%) 948 (72.8%) 355.0 (47.4%) 333.0 (80.8%) Female 341 (27%) 354 (27.2%) 394.0 (52.6%) 79.0 (19.2%) Race, n(%) Black 161 (13.3%) 165 (13.3%) 172.0 (26.8%) 100.0 (24.6%) White 965 (79.7%) 997 (80.6%) 424.0 (66.0%) 237.0 (58.4%) Asian 36 (3.0%) 29 (2.3%) 12.0 (1.9%) 48.0 (11.8%) Other 4",Race as statistical subgroup
K240860,"A breakdown of the device performance by relevant patient sub-groups in a population of patients >65 years of age with evidence of heart failure is provided in table below: Variable Sensitivity Specificity PPV Inferred at 2.2% Prevalence Data Origin USA 83.3% (78.3%, 87.8%) 89.7% (87.0%, 92.4%) 15.4% (12.4%, 19.7%) Non-USA 90.3% (83.0%, 97.7%) N/A N/A Age Category (years) >80 80.6% (72.1%, 88.9%) 89.2% (85.2%, 92.9%) 14.4% (10.8%, 20.7%) EchoGo Amyloidosis 1.0 510(K) SUMMARY Page 15 of 23 K240860 Variable Sensitivity Specificity PPV Inferred at 2.2% Prevalence 71-80 88.3% (83.2%, 92.9%) 91.5% (87.6%, 95.1%) 19.0% (13.7%, 29.4%) 61-70 79.4% (66.7%, 89.8%) 86.7% (78.3%, 94.5%) 11.8% (7.6%, 25.",Race as statistical subgroup
K240860,"Variable Proportion of Uncertain Reports Sensitivity* (including uncertain portion) Specificity* (including uncertain portion) All data 14.0% 72.8% (67.7%, 77.8%) 76.0% (72.5%, 79.3%) Age Category (years) >80 16.7% 69.0% (61.0%, 77.1%) 73.5% (69.0%, 78.1%) 71-80 11.0% 80.8% (75.6%, 86.1%) 79.6% (75.0%, 84.3%) 61-70 15.0% 66.7% (56.0%, 77.3%) 74.3% (65.9%, 82.6%) BMI Category (kg/m2) >35 9.9% 61.1% (38.6%, 83.6%) 84.2% (78.0%, 90.4%) 30-35 16.4% 58.1% (43.4%, 72.9%) 77.4% (71.0%, 83.8%) 25-30 13.3% 73.5% (65.3%, 81.6%) 79.7% (74.6%, 84.7%) 18.5-25 15.2% 78.2% (70.5%, 85.9%) 68.9% (61.8%, 75.9%) <18.5 23.8% 100.0% (100.0%, 100.0%) 42.9% (16.9%, 68.8%) Sex Female 16.3% 64.6% (54.0%, 75.1%) 75.1",Race as statistical subgroup
K252294,OT relationship 0.869 (0.781 ; 0.925) 0.988 (0.975 ; 0.994) 0.952 (0.884 ; 0.981) 0.982 (0.968 ; 0.990) Enlarged CTR 0.955 (0.876 ; 0.985) 0.996 (0.987 ; 0.999) 0.955 (0.876 ; 0.985) 0.996 (0.987 ; 0.999) Cardiac axis deviation 0.945 (0.851 ; 0.981) 1.000 (0.993 ; 1.000) 0.964 (0.877 ; 0.990) 1.000 (0.993 ; 1.000) PV/AV size discrepancy 0.959 (0.921 ; 0.979) 0.986 (0.972 ; 0.993) 0.959 (0.921 ; 0.979) 0.986 (0.972 ; 0.993) RV/LV size discrepancy 0.950 (0.900 ; 0.975) 1.000 (0.993 ; 1.000) 0.950 (0.900 ; 0.975) 1.000 (0.993 ; 1.000) 510(k) Summary - K252294​ ​ Page 6 of 8 Inconclusive Exams ​ Counted as Negative Inconclusive Exams ​ Counted as Positive Sensitivity (Worst-Case) Specificity (Be,Race as statistical subgroup
K231928,"Location, Race and Ethnic distribution within the study data patient population was unavailable.",Race mention without explicit framing
K241439,"Various demographic and medical characteristics such as gender(males and females), age(22 years and older), race/ethnicity(White, Hispanic and Latino, Black, and Asian), radiographic view position (PA and AP), and vendors(Siemens, Konica Minolta, Samsung Electronics, Canon, GE Medical Systems, Carestream Health, and Fujifilm) are considered to ensure that the device’s performance is consistent across the intended population.",Race as statistical subgroup
K200667,Dev) 7.9 (7.6) 11.3 (10.4) 14.4 (10.9) 15.7 (8.9) median 5 8 13 13 range 0.0 - 34.0 0.0 - 50.0 0.0 - 51.0 0.0 - 48.0 Female % (count) 44.4% (20) 61.6% (117) 44.5% (149) 70.6% (60) Race % (count) American Indian or Alaska Native 0.0% (0) 0.0% (0) 0.3% (1) 2.4% (2) Asian 8.9% (4) 2.6% (5) 1.2% (4) 0.0% (0) Black or African- American 4.4% (2) 20.0% (38) 14.9% (50) 14.1% (12) Native Hawaiian or Pacific Islander 0.0% (0) 0.5% (1) 0.0% (0) 0.0% (0) Other 0.0% (0) 6.3% (12) 1.5% (5) 8.2% (7) White 86.7% (39) 70.5% (134) 82.1% (275) 75.3% (64) Ethnicity % (count) Non- Hispanic/Latino 17.8% (8) 80.0% (152) 86.6% (290) 78.8% (67) Hispanic/Latino 82.2% (37) 20.0% (38) 13.4% (45) 21.2% (18) Diabetes typ,Race mention without explicit framing
K240094,"We subsequently performed a more detailed subgroup analysis of the general T1cSF segmentation performance in all 4 categories (brain, skin, tumor, ventricles) according to gender, race/ethnicity, tumor type, scanner model, magnetic field strength, scan quality and institution.",Race as statistical subgroup
K242683,"Metric (lesion level) Result AUC-ROC 0.732 (95% CI: 0.668-0.791) Sensitivity (high suspicion marker) 0.677 (95% CI: 0.593-0.761) False Positive Rate per Case (high suspicion marker, any biopsy source) 0.417 (95% CI: 0.313-0.522) Sensitivity (high and moderate suspicion markers) 0.795 (95% CI: 0.722-0.861) False Positive Rate per Case (high and moderate suspicion markers, any biopsy source) 0.855 (95% CI: 0.709-0.996) Additional subgroup analyses of patient age (≤65, >65), BMI (<25, ≥25), race/ethnicity, magnetic field (1.5T, 3T) and machine vendor (Siemens, Philips, GE) were performed.",Race as statistical subgroup
K242683,"QP- Prostate® CAD’s performance was consistent across all age, BMI, race/ethnicity and machine vendor subgroups.",Race as statistical subgroup
K231094,"The performance testing dataset included representation across subgroups for patient demographics: x slice thickness PP: gender [Female: 56.0 %, Male: 44.0%], age [mean: 61.2 years], ethnicity [Hispanic: 9.7%], race [White/Caucasian: 76.6%, Other: 18.3%, Unknown: 5.1%], and x slice thickness >1.5mm & PP: gender [Female: 55.0%, Male: 45.0%], age [mean: 61.6 years], ethnicity [Hispanic: 8.9%], race [White/Caucasian: 77.0%, Other: 18.3%, Unknown: 4.7%].",Race as statistical subgroup
K223490,"Since the critical input data for the algorithms are high contrast images of vessels with an intra-arterial injection acquired only on GE HealthCare interventional C-arms with similar acquisition protocol in all sites, and since there is minimal variation in this vessel anatomy across race/gender, standard sub-groups such as imaging device manufacturer, site, race, gender, are not relevant.",Race as statistical subgroup
K243614,"Fetal Anatomy Gestational Age Abnormal Finding Sensitivity Specificity Point Estimate (95% bootstrap CI) Point Estimate (95% bootstrap CI) Average Performance T1/T2/T3 Average Performance 0.932 (0.916, 0.946) 0.908 (0.895, 0.920) Chest T2/T3 Malposition of the Great Vessels 0.877 (0.840, 0.908) 0.933 (0.905, 0.957) Absence or unusual size of at least one of the 3 vessels 0.959 (0.926, 0.983) 0.815 (0.759, 0.872) T1/T2/T3 Disequilibrium OR absence of at least one of the two ventricles 0.900 (0.861, 0.934) 0.817 (0.782, 0.851) Thoracic Situs Inversus 0.961 (0.930, 0.987) 0.958 (0.927, 0.982) Abdominal T1/T2/T3 Abdominal Situs Inversus 0.993 (0.976, 1.000) 0.993 (0.984, 1.000) Non-visibility of",Race as statistical subgroup
K242292,"Table 2 Clinical testing data subgroup information Subgroup Breakdown Sample Size Gender Male 49% Female 51% Age Ranges (Years) 18-45 17% 45-65 36% 65+ 47% Race Group White 63% Black 18% others 19% Equipment GE 17% Philips 21% Siemens 62% ICH Subtypes Intraparenchymal Hemorrhage (IPH) 30% Intraventricular Hemorrhage (IVH) 17% Subarachnoid Hemorrhage (SAH) 24% Subdural Hemorrhage (SDH) 22% Extradural Hemorrhage (EDH) 0.3% Comparing the uAI Easy Triage ICH software output to the ground truth, the sensitivity and specificity of uAI Easy Triage ICH are 92% (95% CI: 86%-96%) and 95% (95% CI: 90%-98%), respectively, exceeding the acceptance criteria of 80%.",Race as statistical subgroup
K242292,to account for race/ethnicity K242292 Page 12 of 12 in the intended U.S.,Race mention without explicit framing
K223240,"The performance testing datasets included representation across subgroups for patient demographics (gender [female: 44.9-52.2%, male: 47.8-55.1%], age [mean: 66.5-68.0 years, min: 22, max: 99-105], ethnicity [Hispanic: 5.9-11.3%], race [White/Caucasian: 76.6-82.1%, Other: 13.6-19.3%, Unknown: 2.7-6.9%]), co-existing findings or abnormalities and technical parameters (imaging equipment make, model).",Race as statistical subgroup
K223724,"Race 78% White, 12% Black or African American, 10% Other.",Race mention without explicit framing
K241837,"The datasets are not restricted on the basis of age, ethnicity, race, gender, or disease states.",Race mention without explicit framing
K220598,No Race or Ethnicity data was provided as a part of this study.,Race mention without explicit framing
K212516,"IRNF 2.0 - K212516 The studies used to train the convolutional neural network recruited demographically diverse populations with broad representation of age, sex, BMI, race, and skin tones.",Race as statistical subgroup
K212516,Development Study Subject Demographics Age Group (years) <55 39.5% >=55 to <65 25.4% >=65 35.1% Sex Male 49.6% Female 50.4% BMI (kg/m2) <18.5 2.2% >=18.5 to <25.0 32.7% >=25.0 to <30.0 32.2% >=30.0 32.9% Race White 71.5% Black or African American 18.0% Other 10.5%  Apple Inc.,Race as statistical subgroup
K212516,IRNF 2.0 Clinical Study Subject Demographics N=573 Age Group (years) <55 123 (21.5%) >=55 to <65 140 (24.4%) >=65 310 (54.1%) Sex Male 286 (49.9%) Female 287 (50.1%) Ethnicity Hispanic or Latino 38 (6.6%) Non-Hispanic or Latino 535 (93.4%) Race White 502 (87.6%) Black or African American 57 (9.9%) Other 14 (2.4%)  Apple Inc.,Race as statistical subgroup
K252330,"The patients came from urban, suburban, and rural areas with a high level of race/ethnicity diversity (Caucasian or White, Black or African American, Other).",Race mention without explicit framing
K242123,"The patient cohort was enriched to ensure the distribution of clinical and demographic variables (e.g., age, gender, race) allows generalizability to the patient population for whom use is intended.",Race as statistical subgroup
K242123,"Metrics All Cases (N=308) Vessels DSC 0.955 (0.953, 0.957) Parenchyma DSC 0.999 (0.999, 1.000) In order to assess the generalization of the performance in different patient subgroups, further stratifications were derived from the complete dataset by age (Table 4), by gender (Table 5), by race (Table 6), by clinical site (Table 7), by scanner manufacturer (Table 8), by the presence of stenosis (Table 9).",Race as statistical subgroup
K242123,"Summary performance metrics from patients sub-categorized by race/ethnicity, with 95% confidence intervals where appropriate.",Race as statistical subgroup
K243611,"The patient cohort was enriched to promote the generalizability of clinical and demographic variables (e.g., age, gender, and race-ethnicity) to the target patient population.",Race as statistical subgroup
K243611,"Clinical Site) Clinical Site N Sensitivity [95% CI] Specificity [95% CI] Region 001 422 0.97 [0.93, 0.99] 0.99 [0.98, 1.00] Region 002 138 0.98 [0.94, 1.00] 0.9 [0.83, 0.96] Region 001: South – North Carolina, Texas, Florida, Georgia Region 002: Northeast – New York / Midwest – Missouri, Iowa, Wisconsin, Illinois, Ohio Performance Metrics Overview for Patients Categorized by Age Age Range (Years) N Sensitivity [95% CI] Specificity [95% CI] <50 84 0.94 [0.80, 1.00] 0.99 [0.95, 1.00] 50-70 220 0.96 [0.89, 1.00] 0.98 [0.95, 0.99] 70< 256 0.98 [0.95, 1.00] 0.97 [0.93, 0.99] Performance Metrics Overview for Patients Categorized by Gender Gender N Sensitivity [95% CI] Specificity [95% CI] Male 283",Race as statistical subgroup
K243189,"Specifically, patient age at diagnosis, breast cancer subtype, T stage, N stage, histologic subtype, and race/ethnicity all reflect the broader U.S.",Race mention without explicit framing
K243189,Training Dataset (n=676 samples) Tuning Dataset (n=240 samples) Validation Dataset (n=217 samples) Age <30 22 (3.3%) 3 (1.1%) 6 (2.8%) 30-39 121 (17.9%) 36 (13.6%) 32 (14.7%) 40-49 202 (29.9%) 68 (25.8%) 51 (23.5%) 50-59 216 (32.0%) 69 (26.1%) 71 (32.7%) 60-69 94 (13.9%) 43 (16.3%) 44 (20.3%) >70 21 (3.1%) 21 (8.0%) 13 (6.0%) Missing 0 (0.0%) 0 (0.0%) 0 (0.0%) Race/Ethnicity Black† 69 (10.2%) 54 (20.5%) 26 (12.0%) Asian and Pacific Islander† 31 (4.6%) 8 (3.0%) 21 (9.7%) White† 471 (69.7%) 167 (63.3%) 150 (69.1%) American Indian or Alaska Native† 0 (0.0%) 0 (0.0%) 0 (0.0%) Other 9 (1.3%) 3 (1.1%) 4 (1.8%) Hispanic 0 (0.0% 6 (2.3%) 10 (4.6%) Missing/Unknown 96 (14.2%) 2 (0.8%) 6 (2.8%) † Non-H,Race as statistical subgroup
K223133,"9.1.4 Device performance was stratified across multiple subgroups (age, gender, race, hardware used).",Race as statistical subgroup
K230365,"Additionally the performance was also validated for subgroups including: Ultrasound machine manufacturer, BMI, maternal age, gestational age and race and ethnicity when appropriate.",Race as statistical subgroup
K221240,Race distribution within the study data patient population was unavailable.,Race mention without explicit framing
K251837,"Self-reported race was 57 % White, 22 % Black or African American, 12 % Asian and 2 % American Indian/Alaska Native; 7 % declined/unknown.",Race mention without explicit framing
K244023,"Polyps evaluated varied by subject sex (270 Male, 170 Female, 262 Unknown), age (60 under 50 years, 133 50-60 years, 256 older than 60 years, 253 unknown), race (343 Caucasian, 6 African American, 353 Unknown).",Race mention without explicit framing
K241561,"A detailed description of the training data is available in the Table below: Total number of studies 108,775 Density distribution A: 12.79% B: 34.58% C: 42.94% D: 9.38% Unknown (excluded): 0.31% Patient ages First quartile (Q1): 47.0 Mean: 56.0 Third quartile (Q3): 64.0 Patient Race / Ethnicity White: 49.13% Asian: 7.63% Black or african american: 0.43% native hawaiian or pacific islander: 0.09% Unknown: 42.72% Manufacturer Hologic: 61.63% GE: 38.37% Performance Data MammoScreen BD is a software-only device.",Race as statistical subgroup
K241561,"o Race Performances of MammoScreen BD in terms of quadratically-weighted Cohen’s kappa on different race groups were evaluated as follows: • White: 87.88 (95% CI: 81.82 – 93.18) • Asian: 87.11 (95% CI: 80.22 – 93.04) • Black or African American: 90.82 (95% CI: 85.58 – 94.97) • American Indian or Alaska native or native Hawaiian or Pacific islander: 53.85 (95% CI: 0.00 – 83.33) A lower agreement of MammoScreen BD compared to radiologists is observed on the last group including American Indians, Alaska natives, native Hawaiians and Pacific islanders with a quadratically-weighted Cohen’s kappa of 53.85.",Race as statistical subgroup
K241561,"Overall, MammoScreen BD performances on subgroups based on race are comparable with performances observed in the primary objectives and does not appear to be biased with respect to race.",Race as statistical subgroup
K251766,Training/Tuning Datasets (n=1156 samples) Validation Dataset (n=267 samples) Age <30 28 (2.4%) 7 (2.6%) 30-39 194 (16.8%) 36 (13.5%) 40-49 326 (28.2%) 64 (24.0%) 50-59 352 (30.5%) 82 (30.7%) 60-69 192 (16.6%) 56 (21.0%) >70 63 (5.5%) 22 (8.2%) Missing 1 (0.1%) 0 (0.0%) Race/Ethnicity Black† 169 (14.6%) 31 (11.6%) Asian and Pacific Islander† 53 (4.6%) 22 (8.2%) White† 717 (62.0%) 189 (70.8%) American Indian or Alaska Native† 0 (0.0%) 0 (0.0%) Other 2 (0.2%) 7 (2.6%) Hispanic 10 (0.9%) 10 (3.8%) Missing/Unknown 202 (17.5%) 8 (3.0%) † Non-Hispanic 510(k) Summary TumorSight Viz 510(k) Summary Page 4 of 9 The following subgroups present in the dataset were comparable to the U.S.,Race as statistical subgroup
K240680,"Information was available on race or ethnicity for the majority of individuals in both the training and test samples: more than 20% were non-white, and more than 5% were Hispanic.",Race mention without explicit framing
K213794,"The subject population was 42.6% female and had an age range of 0 to 95 years old, race was recorded in 45% of the subjects and out of that subset, 98% were white, 1.5% were African American and 0.7% were Asian.",Race mention without explicit framing
K213971,"AFib History Feature (K213971) The studies used to train the convolutional neural network recruited demographically diverse populations with broad representation of age, sex, BMI, race, and skin tones.",Race as statistical subgroup
K213971,IRNF 2.0 Clinical Study Subject Demographics N=413 Age Group (years) <55 59 (14.3%) >=55 to <65 99 (24.0%) >=65 255 (61.7%) Sex Male 219 (53.0%) Female 194 (47.0%) Ethnicity Hispanic or Latino 19 (4.6%) Non-Hispanic or Latino 394 (95.4%) Race White 371 (89.8%) Black or African American 31 (7.5%) Other 11 (2.7%)  Apple Inc.,Race as statistical subgroup
K243363,"JLK-ICH ROC curve As part of a secondary analysis, the company stratified the performance of the device by various confounding variables: Performance Metrics Overview for Patients Categorized by Age Age Range (Years) N Sensitivity [95% CI] Specificity [95% CI] <50 74 0.94 [0.86, 1.00] 0.97 [0.91, 1.00] 50-70 146 0.95 [0.89, 1.00] 1.0 [1.00, 1.00] 70< 156 1.0 [1.00, 1.00] 0.96 [0.90, 1.00] Performance Metrics Overview for Patients Categorized by Gender Gender N Sensitivity [95% CI] Specificity [95% CI] Male 188 0.98 [0.95, 1.00] 0.97 [0.92, 1.00] Female 187 0.97 [0.92, 1.00] 0.99 [0.97, 1.00] Unknown 1 1.0 [1.00, 1.00] - Performance Metrics Overview for Patients Categorized by Race-Ethnicity ",Race as statistical subgroup
K252497,"The patient population was 48% (n=156) Male, 52% (n=169) Female , 68.6% (n=223) White, 26.8% (n=87) Black/African American, 5 subjects were Asian, 1 American Indian / Alaskan Native, and 9 subjects Other race.",Race mention without explicit framing
K231130,Training Dataset (n=390 samples) Tuning Dataset (n=376 samples) Validation Dataset (n=163 samples) Age <30 10 (2.6%) 9 (2.4%) 4 (2.5%) 30-39 72 (18.5%) 62 (16.5%) 33 (20.2%) 40-49 103 (26.4%) 104 (27.7%) 37 (22.7%) 50-59 117 (30.0%) 109 (29.0%) 48 (29.4%) 60-69 65 (16.7%) 66 (17.6%) 32 (19.6%) >70 21 (5.4%) 26 (6.9%) 9 (5.5%) Missing 2 (0.5%) 0 (0.0%) 0 (0.0%) Race/Ethnicity Black† 73 (18.7%) 92 (24.5%) 19 (11.7%) Asian and Pacific Islander† 20 (5.1%) 17 (4.5%) 8 (4.9%) White† 267 (68.5%) 226 (60.1%) 121 (74.2%) American Indian or Alaska Native† 6 (1.5%) 0 (0.0%) 0 (0.0%) Other 9 (2.3%) 3 (0.8%) 2 (1.2%) Hispanic 0 (0.0%) 8 (2.1%) 6 (3.7%) Missing/Unknown 22 (5.6%) 31 (8.2%) 7 (4.3%) † Non-H,Race as statistical subgroup
K240044,"Data origin United Kingdom (%) 48.33% Czech Republic (%) 44.77% Norway (%) 3.74% Spain (%) 1.99% Germany (%) 1.17% Sex Male (%) 54.96% Female (%) 45.04% Age Mean (years) 61.5 Standard deviation (years) 14.1 Reason for colonoscopy surveillance 50.25% diagnostic 35.82% therapeutic 2.71% symptomatic 1.17% screening 10.06% Ethnicity Other / Hispanic / Latino 8.80% Not Hispanic / Latino 91.20% Race American Indian or Alaska Native 0.01% Asian 6.76% Black or African American 3.15% Native Hawaiian or Other Pacific Islander 1.91% White 85.21% Other 2.96% Data limitations: As described above, the development dataset contains instances where the accompanying lesion information was not available e.g.",Race mention without explicit framing
K240044,"of subjects=389*) Mean (years) SD (years) Age 58.83 8.67 Sex Count % Male 193 49.61 Female 196 50.39 Indication for Colonoscopy Surveillance 109 28.02 Screening 280 71.98 Race/Ethnicity African American 110 28.28 American Indian 1 0.26 Asian 12 3.08 Caucasian 148 38.05 Hispanic 65 16.71 Other 2 0.51 Unknown 51 13.11 The following table presents the standalone bench-testing dataset for polyp detection patients’ demographic distribution, including the reason for colonoscopy.",Race as statistical subgroup
K240044,Patient Demographics Variable Category All Patients [N=841] SoC [N=424] CADe [N=417] P N Summary N Summary N Summary Colonoscopy Screening 841 653 (77.7%) 424 329 (77.6%) 417 324 (77.7%) 0.97 Indication Surveillance 188 (22.3%) 95 (22.4%) 93 (22.3%) Age - 841 58.5 ± 9.3 424 58.2 ± 9.5 417 58.7 ± 9.0 0.43 Gender Female 841 412 (49.0%) 424 218 (51.4%) 417 194 (46.5%) 0.21 Male 428 (50.9%) 205 (48.4%) 223 (53.5%) Other 1 (0.1%) 1 (0.2%) 0 (0.0%) Ethnicity Not Latino/Hispanic 827 686 (82.9%) 415 349 (84.1%) 412 337 (81.8%) 0.38 Latino/Hispanic 141 (17.1%) 66 (15.9%) 75 (18.2%) Race American Indian 840 0 (0.0%) 424 0 (0.0%) 416 0 (0.0%) 0.25 African American 1 (0.1%) 1 (0.2%) 0 (0.0%) White 837 (,Race as statistical subgroup
K240285,"The study was demographically representative of patients with SDB across age, sex, race, ethnicity, BMI, and skin tone.",Race as statistical subgroup
K240285,"Subgroup analysis on race showed the following performance: White: Sensitivity of 88.1% (95% CI: 79.2, 94.1) and Specificity of 83.7% (95% CI: 76.7, 89.3); Black: Sensitivity of 86.8% (95% CI: 71.9, 95.6) and Specificity of 96.4% (95% CI: 87.5, 99.6); and All Other Races: Sensitivity of 100% (95% CI: 47.8, 100) and Specificity of 90.9% (95% CI: 58.7, 99.8).",Race as statistical subgroup
K232613,"Subgroups and confounders present in the dataset included patient demographics (age, sex, race, ethnicity), confounding conditions, and imaging characteristics (protocol, slice thickness, scanner manufacturer, presence or absence of contrast, kVp).",Race as statistical subgroup
