device_id,has_race_token,has_ethnicity_token,has_race_or_ethnicity,has_racial_or_ethnic_adj,has_race_ethnicity_phrase,has_demographic_token,fda1_style_table_proxy
K003301,False,False,False,False,False,False,False
K033840,False,False,False,False,False,False,False
K043341,False,False,False,False,False,False,False
K080595,False,False,False,False,False,False,False
K080762,False,False,False,False,False,False,False
K080896,False,False,False,False,False,False,False
K081140,False,False,False,False,False,False,False
K082483,False,False,False,False,False,False,False
K092116,False,False,False,False,False,False,False
K092967,False,False,False,False,False,False,False
K102778,False,False,False,False,False,False,False
K111776,False,False,False,False,False,False,False
K120161,False,False,False,False,False,False,False
K120489,False,False,False,False,False,False,False
K120771,False,False,False,False,False,False,False
K121617,False,False,False,False,False,False,False
K123526,False,False,False,False,False,False,False
K130831,False,False,False,False,False,False,False
K131044,False,False,False,False,False,False,False
K133259,False,False,False,False,False,False,False
K133649,False,False,False,False,False,False,False
K141069,False,False,False,False,False,False,False
K141480,False,False,False,False,False,False,False
K141922,False,False,False,False,False,True,False
K142037,False,False,False,False,False,False,False
K142512,False,False,False,False,False,False,False
K142918,False,False,False,False,False,True,False
K143643,False,False,False,False,False,False,False
K150102,False,False,False,False,False,False,False
K150817,False,False,False,False,False,False,False
K152733,False,False,False,False,False,False,False
K153351,False,False,False,False,False,False,False
K153427,False,False,False,False,False,False,False
K160016,False,False,False,False,False,False,False
K160088,False,False,False,False,False,False,False
K160338,False,False,False,False,False,False,False
K160401,False,False,False,False,False,False,False
K161068,False,False,False,False,False,False,False
K161148,False,False,False,False,False,False,False
K161201,False,False,False,False,False,False,False
K161322,False,False,False,False,False,False,False
K161382,False,False,False,False,False,False,False
K161625,False,False,False,False,False,False,False
K161772,False,False,False,False,False,False,False
K161834,False,False,False,False,False,False,False
K161959,False,False,False,False,False,False,False
K162830,False,False,False,False,False,False,False
K162855,False,False,False,False,False,False,False
K163013,False,False,False,False,False,False,False
K163138,False,False,False,False,False,False,False
K163253,False,False,False,False,False,False,False
K163339,False,False,False,False,False,False,False
K163622,False,False,False,False,False,False,False
K163623,False,False,False,False,False,False,False
K163665,False,False,False,False,False,False,False
K163694,False,False,False,False,False,False,False
K170069,False,False,False,False,False,False,False
K170172,False,False,False,False,False,False,False
K170250,False,False,False,False,False,False,False
K170540,False,False,False,False,False,False,False
K170568,False,False,False,False,False,False,False
K170747,False,False,False,False,False,False,False
K170981,False,False,False,False,False,False,False
K171056,False,False,False,False,False,False,False
K171122,False,False,False,False,False,False,False
K171315,False,False,False,False,False,False,False
K171328,False,False,False,False,False,False,False
K171936,False,False,False,False,False,False,False
K172122,False,False,False,False,False,False,False
K172356,False,False,False,False,False,False,False
K172385,False,False,False,False,False,False,False
K172507,False,False,False,False,False,False,False
K172803,False,False,False,False,False,True,False
K172959,False,False,False,False,False,True,False
K172983,False,False,False,False,False,False,False
K173327,False,False,False,False,False,False,False
K173420,False,False,False,False,False,False,False
K173444,False,False,False,False,False,False,False
K173542,False,False,False,False,False,False,False
K173574,False,False,False,False,False,False,False
K173588,False,False,False,False,False,False,False
K173605,False,False,False,False,False,False,False
K173749,False,False,False,False,False,False,False
K173780,False,False,False,False,False,False,False
K173810,False,False,False,False,False,False,False
K173821,False,False,False,False,False,False,False
K173839,False,False,False,False,False,False,False
K173872,False,False,False,False,False,False,False
K173939,False,False,False,False,False,False,False
K180038,False,False,False,False,False,False,False
K180091,False,False,False,False,False,False,False
K180126,False,False,False,False,False,False,False
K180161,False,False,False,False,False,False,False
K180163,False,False,False,False,False,True,False
K180343,False,False,False,False,False,False,False
K180432,False,False,False,False,False,True,False
K180589,False,False,False,False,False,False,False
K180599,False,False,False,False,False,False,False
K180647,False,False,False,False,False,False,False
K180799,False,False,False,False,False,False,False
K180867,False,False,False,False,False,False,False
K181247,False,False,False,False,False,False,False
K181288,False,False,False,False,False,False,False
K181352,False,False,False,False,False,False,False
K181502,False,False,False,False,False,False,False
K181572,False,False,False,False,False,False,False
K181574,False,False,False,False,False,False,False
K181685,False,False,False,False,False,False,False
K181704,False,False,False,False,False,False,False
K181771,False,False,False,False,False,False,False
K181823,False,False,False,False,False,False,False
K181861,False,False,False,False,False,False,False
K181892,False,False,False,False,False,False,False
K181916,False,False,False,False,False,False,False
K181939,False,False,False,False,False,False,False
K181988,False,False,False,False,False,False,False
K182034,False,False,False,False,False,False,False
K182035,False,False,False,False,False,False,False
K182112,False,False,False,False,False,False,False
K182130,False,False,False,False,False,False,False
K182149,False,False,False,False,False,False,False
K182177,False,False,False,False,False,False,False
K182181,False,False,False,False,False,False,False
K182218,False,False,False,False,False,True,False
K182310,False,False,False,False,False,False,False
K182336,False,False,False,False,False,False,False
K182344,False,False,False,False,False,False,False
K182373,False,False,False,False,False,False,False
K182384,False,False,False,False,False,False,False
K182419,False,False,False,False,False,False,False
K182456,False,False,False,False,False,False,False
K182513,False,False,False,False,False,False,False
K182564,False,False,False,False,False,False,False
K182616,False,False,False,False,False,False,False
K182790,False,False,False,False,False,False,False
K182798,False,False,False,False,False,False,False
K182875,False,False,False,False,False,False,False
K182901,False,False,False,False,False,False,False
K183012,False,False,False,False,False,False,False
K183019,False,False,False,False,False,False,False
K183046,False,False,False,False,False,False,False
K183089,False,False,False,False,False,False,False
K183133,False,False,False,False,False,False,False
K183182,False,False,False,False,False,False,False
K183202,False,False,False,False,False,False,False
K183204,False,False,False,False,False,False,False
K183231,False,False,False,False,False,False,False
K183268,False,False,False,False,False,False,False
K183271,False,False,False,False,False,False,False
K183272,False,False,False,False,False,False,False
K183274,False,False,False,False,False,False,False
K183282,False,False,False,False,False,False,False
K183285,False,False,False,False,False,False,False
K183322,False,False,False,False,False,False,False
K183370,False,False,False,False,False,True,False
K183460,False,False,False,False,False,False,False
K183489,False,False,False,False,False,False,False
K183593,False,False,False,False,False,False,False
K183646,False,False,False,False,False,False,False
K183648,False,False,False,False,False,False,False
K183704,False,False,False,False,False,False,False
K190013,False,False,False,False,False,False,False
K190017,False,False,False,False,False,False,False
K190072,False,False,False,False,False,False,False
K190334,False,False,False,False,False,False,False
K190362,False,False,False,False,False,False,False
K190387,False,False,False,False,False,False,False
K190424,False,False,False,False,False,False,False
K190442,False,False,False,False,False,True,False
K190529,False,False,False,False,False,False,False
K190593,False,False,False,False,False,False,False
K190764,False,False,False,False,False,True,False
K190815,False,False,False,False,False,False,False
K190868,False,False,False,False,False,False,False
K190896,False,False,False,False,False,False,False
K190898,False,False,False,False,False,False,False
K190925,False,False,False,False,False,False,False
K191026,False,False,False,False,False,False,False
K191083,False,False,False,False,False,False,False
K191125,False,False,False,False,False,False,False
K191171,False,False,False,False,False,False,False
K191179,False,False,False,False,False,False,False
K191183,False,False,False,False,False,False,False
K191194,False,False,False,False,False,False,False
K191262,False,False,False,False,False,False,False
K191278,False,False,False,False,False,False,False
K191370,False,False,False,False,False,False,False
K191384,False,False,False,False,False,False,False
K191493,False,False,False,False,False,False,False
K191550,False,False,False,False,False,False,False
K191556,False,False,False,False,False,False,False
K191585,False,False,False,False,False,False,False
K191647,False,False,False,False,False,False,False
K191688,False,False,False,False,False,False,False
K191713,False,False,False,False,False,True,False
K191928,False,False,False,False,False,False,False
K191994,False,False,False,False,False,False,False
K192004,False,False,False,False,False,False,False
K192051,False,False,False,False,False,False,False
K192065,False,False,False,False,False,False,False
K192107,False,False,False,False,False,False,False
K192109,False,False,False,False,False,False,False
K192130,False,False,False,False,False,False,False
K192167,False,False,False,False,False,False,False
K192279,False,False,False,False,False,False,False
K192287,False,False,False,False,False,False,False
K192304,False,False,False,False,False,False,False
K192320,False,False,False,False,False,False,False
K192377,False,False,False,False,False,False,False
K192383,False,False,False,False,False,False,False
K192388,False,False,False,False,False,False,False
K192415,False,False,False,False,False,False,False
K192437,False,False,False,False,False,False,False
K192442,False,False,False,False,False,False,False
K192455,False,False,False,False,False,False,False
K192531,False,False,False,False,False,False,False
K192571,False,False,False,False,False,False,False
K192574,False,False,False,False,False,False,False
K192601,False,False,False,False,False,False,False
K192665,False,False,False,False,False,False,False
K192732,False,False,False,False,False,False,False
K192763,False,False,False,False,False,False,False
K192828,False,False,False,False,False,False,False
K192832,False,False,False,False,False,False,False
K192854,False,False,False,False,False,False,False
K192880,False,False,False,False,False,False,False
K192901,False,False,False,False,False,False,False
K192945,False,False,False,False,False,False,False
K192956,False,False,False,False,False,False,False
K192962,False,False,False,False,False,False,False
K192969,False,False,False,False,False,False,False
K192973,False,False,False,False,False,False,False
K193073,False,False,False,False,False,False,False
K193087,False,False,False,False,False,False,False
K193097,False,False,False,False,False,False,False
K193109,False,False,False,False,False,False,False
K193170,False,False,False,False,False,False,False
K193176,False,False,False,False,False,False,False
K193178,False,False,False,False,False,False,False
K193210,False,False,False,False,False,False,False
K193216,False,False,False,False,False,False,False
K193220,False,False,False,False,False,False,False
K193229,False,False,False,False,False,False,False
K193248,False,False,False,False,False,False,False
K193252,False,False,False,False,False,False,False
K193267,False,False,False,False,False,False,False
K193271,False,False,False,False,False,False,False
K193281,False,False,False,False,False,False,False
K193282,False,False,False,False,False,False,False
K193283,False,False,False,False,False,False,False
K193287,False,False,False,False,False,False,False
K193289,False,False,False,False,False,False,False
K193290,False,False,False,False,False,False,False
K193294,False,False,False,False,False,False,False
K193298,False,False,False,False,False,False,False
K193300,False,False,False,False,False,False,False
K193306,False,False,False,False,False,False,False
K193351,False,False,False,False,False,True,False
K193417,False,False,False,False,False,False,False
K193518,False,False,False,False,False,False,False
K193562,False,False,False,False,False,False,False
K193631,False,False,False,False,False,False,False
K193658,False,False,False,False,False,False,False
K200036,False,False,False,False,False,False,False
K200232,False,False,False,False,False,True,False
K200323,False,False,False,False,False,False,False
K200356,False,False,False,False,False,False,False
K200497,False,False,False,False,False,False,False
K200569,False,False,False,False,False,False,False
K200595,False,False,False,False,False,False,False
K200621,False,False,False,False,False,False,False
K200667,True,True,True,False,False,True,True
K200708,False,False,False,False,False,False,False
K200714,False,False,False,False,False,False,False
K200717,False,False,False,False,False,False,False
K200743,False,False,False,False,False,False,False
K200750,False,False,False,False,False,False,False
K200755,False,False,False,False,False,False,False
K200760,False,False,False,False,False,False,False
K200828,False,False,False,False,False,False,False
K200833,False,False,False,False,False,False,False
K200851,False,False,False,False,False,False,False
K200852,False,False,False,False,False,False,False
K200855,False,False,False,False,False,False,False
K200873,False,False,False,False,False,False,False
K200905,False,False,False,False,False,False,False
K200921,False,False,False,False,False,False,False
K200941,False,False,False,False,False,False,False
K200974,False,False,False,False,False,False,False
K200980,False,False,False,False,False,False,False
K200990,False,False,False,False,False,False,False
K201012,False,False,False,False,False,False,False
K201019,False,False,False,False,False,False,False
K201020,False,False,False,False,False,False,False
K201034,False,False,False,False,False,False,False
K201039,False,False,False,False,False,True,False
K201103,False,False,False,False,False,False,False
K201195,False,False,False,False,False,False,False
K201232,False,False,False,False,False,False,False
K201298,False,False,False,False,False,False,False
K201301,False,False,False,False,False,False,False
K201310,False,False,False,False,False,False,False
K201369,False,False,False,False,False,False,False
K201411,False,False,False,False,False,False,False
K201444,False,False,False,False,False,False,False
K201555,False,False,False,False,False,False,False
K201560,False,False,False,False,False,False,False
K201615,False,False,False,False,False,False,False
K201632,False,False,False,False,False,False,False
K201710,False,False,False,False,False,False,False
K201745,False,False,False,False,False,False,False
K201836,False,False,False,False,False,False,False
K201841,False,False,False,False,False,False,False
K201985,False,False,False,False,False,False,False
K201992,False,False,False,False,False,False,False
K202013,False,False,False,False,False,False,False
K202089,False,False,False,False,False,False,False
K202170,False,False,False,False,False,False,False
K202212,False,False,False,False,False,False,False
K202229,False,False,False,False,False,False,False
K202238,False,False,False,False,False,False,False
K202280,False,False,False,False,False,False,False
K202284,False,False,False,False,False,False,False
K202300,False,False,False,False,False,True,False
K202404,False,False,False,False,False,False,False
K202414,False,False,False,False,False,False,False
K202441,False,False,False,False,False,False,False
K202487,False,False,False,False,False,False,False
K202501,False,False,False,False,False,False,False
K202527,False,False,False,False,False,False,False
K202546,False,False,False,False,False,False,False
K202700,False,False,False,False,False,False,False
K202718,False,False,False,False,False,False,False
K202767,False,False,False,False,False,False,False
K202927,False,False,False,False,False,False,False
K202928,False,False,False,False,False,False,False
K202990,False,False,False,False,False,False,False
K202992,False,False,False,False,False,False,False
K203042,False,False,False,False,False,False,False
K203103,False,False,False,False,False,False,False
K203169,False,False,False,False,False,False,False
K203182,False,False,False,False,False,False,False
K203225,False,False,False,False,False,False,False
K203235,False,False,False,False,False,False,False
K203256,False,False,False,False,False,False,False
K203258,False,False,False,False,False,False,False
K203260,False,False,False,False,False,False,False
K203280,False,False,False,False,False,False,False
K203314,False,False,False,False,False,False,False
K203323,False,False,False,False,False,False,False
K203329,False,False,False,False,False,False,False
K203443,False,False,False,False,False,False,False
K203448,False,False,False,False,False,False,False
K203469,False,False,False,False,False,False,False
K203502,False,False,False,False,False,False,False
K203508,False,False,False,False,False,False,False
K203514,False,False,False,False,False,False,False
K203517,False,False,False,False,False,False,False
K203555,False,False,False,False,False,False,False
K203578,False,False,False,False,False,False,False
K203582,False,False,False,False,False,False,False
K203610,False,False,False,False,False,False,False
K203617,False,False,False,False,False,False,False
K203629,False,False,False,False,False,False,False
K203696,False,False,False,False,False,False,False
K203744,False,False,False,False,False,False,False
K203783,False,False,False,False,False,False,False
K203785,False,False,False,False,False,False,False
K203822,False,False,False,False,False,False,False
K210001,False,False,False,False,False,False,False
K210034,False,False,False,False,False,True,False
K210053,False,False,False,False,False,False,False
K210069,False,False,False,False,False,False,False
K210071,False,False,False,False,False,False,False
K210085,False,False,False,False,False,False,False
K210187,False,True,True,False,False,True,False
K210209,False,False,False,False,False,False,False
K210237,False,False,False,False,False,False,False
K210365,False,False,False,False,False,False,False
K210404,False,False,False,False,False,False,False
K210426,False,False,False,False,False,False,False
K210438,False,False,False,False,False,False,False
K210458,False,False,False,False,False,False,False
K210484,False,False,False,False,False,False,False
K210543,False,False,False,False,False,False,False
K210556,False,False,False,False,False,False,False
K210611,False,False,False,False,False,False,False
K210632,False,False,False,False,False,False,False
K210645,False,False,False,False,False,False,False
K210666,False,False,False,False,False,False,False
K210670,False,False,False,False,False,True,False
K210719,False,False,False,False,False,True,False
K210747,False,False,False,False,False,False,False
K210760,False,False,False,False,False,False,False
K210791,False,False,False,False,False,True,False
K210807,False,False,False,False,False,False,False
K210822,False,False,False,False,False,False,False
K210831,False,False,False,False,False,False,False
K210999,False,False,False,False,False,False,False
K211118,False,False,False,False,False,False,False
K211161,False,False,False,False,False,False,False
K211179,False,False,False,False,False,False,False
K211222,False,False,False,False,False,False,False
K211279,False,False,False,False,False,False,False
K211326,False,False,False,False,False,False,False
K211379,False,False,False,False,False,False,False
K211431,False,False,False,False,False,True,False
K211443,False,False,False,False,False,True,False
K211459,False,False,False,False,False,False,False
K211506,False,False,False,False,False,False,False
K211541,False,False,False,False,False,False,False
K211597,False,False,False,False,False,False,False
K211611,False,False,False,False,False,True,False
K211655,False,False,False,False,False,False,False
K211678,False,False,False,False,False,False,False
K211733,False,False,False,False,False,False,False
K211764,False,False,False,False,False,False,False
K211788,False,False,False,False,False,False,False
K211803,False,False,False,False,False,False,False
K211824,False,False,False,False,False,False,False
K211828,False,False,False,False,False,False,False
K211841,False,False,False,False,False,False,False
K211846,False,False,False,False,False,False,False
K211867,False,False,False,False,False,False,False
K211881,False,False,False,False,False,False,False
K211906,False,False,False,False,False,False,False
K211945,False,False,False,False,False,False,False
K211951,False,False,False,False,False,False,False
K211964,False,False,False,False,False,False,False
K211966,False,False,False,False,False,True,False
K211980,False,False,False,False,False,False,False
K212005,False,False,False,False,False,False,False
K212012,False,False,False,False,False,False,False
K212067,False,False,False,False,False,False,False
K212074,False,False,False,False,False,False,False
K212100,False,False,False,False,False,False,False
K212116,False,False,False,False,False,False,False
K212218,False,False,False,False,False,False,False
K212219,False,False,False,False,False,False,False
K212230,False,False,False,False,False,False,False
K212261,False,False,False,False,False,False,False
K212265,False,False,False,False,False,False,False
K212269,False,False,False,False,False,False,False
K212274,False,False,False,False,False,False,False
K212333,False,False,False,False,False,False,False
K212336,False,False,False,False,False,False,False
K212365,False,False,False,False,False,False,False
K212383,False,False,False,False,False,False,False
K212441,False,False,False,False,False,False,False
K212442,False,False,False,False,False,False,False
K212456,False,False,False,False,False,False,False
K212466,False,False,False,False,False,False,False
K212516,True,True,True,False,False,True,True
K212519,False,False,False,False,False,False,False
K212616,False,True,True,False,False,True,False
K212624,False,False,False,False,False,False,False
K212654,False,False,False,False,False,False,False
K212662,True,False,True,False,False,False,True
K212690,False,False,False,False,False,False,False
K212704,False,False,False,False,False,False,False
K212758,False,True,True,False,False,False,False
K212783,False,False,False,False,False,False,False
K212915,False,False,False,False,False,False,False
K212960,False,False,False,False,False,False,False
K213037,False,False,False,False,False,False,False
K213096,False,False,False,False,False,False,False
K213155,False,False,False,False,False,False,False
K213165,False,False,False,False,False,False,False
K213272,False,True,True,False,False,True,False
K213275,False,False,False,False,False,False,False
K213305,False,False,False,False,False,False,False
K213307,False,False,False,False,False,False,False
K213319,False,False,False,False,False,False,False
K213353,False,False,False,False,False,False,False
K213357,False,False,False,False,False,True,False
K213409,False,False,False,False,False,True,False
K213436,False,False,False,False,False,False,False
K213504,False,False,False,False,False,False,False
K213544,False,False,False,False,False,False,False
K213566,False,True,True,False,False,True,False
K213583,False,False,False,False,False,False,False
K213603,False,False,False,False,False,False,False
K213628,False,False,False,False,False,False,False
K213642,False,False,False,False,False,False,False
K213645,False,False,False,False,False,False,False
K213657,False,False,False,False,False,False,False
K213668,False,False,False,False,False,False,False
K213686,True,True,True,False,False,True,True
K213689,False,False,False,False,False,False,False
K213693,False,False,False,False,False,False,False
K213706,False,False,False,False,False,False,False
K213713,False,False,False,False,False,False,False
K213717,False,False,False,False,False,False,False
K213721,False,False,False,False,False,False,False
K213725,False,False,False,False,False,False,False
K213737,False,False,False,False,False,False,False
K213760,False,False,False,False,False,False,False
K213776,False,False,False,False,False,False,False
K213779,False,False,False,False,False,False,False
K213794,True,False,True,False,False,True,True
K213795,False,False,False,False,False,False,False
K213857,False,False,False,False,False,False,False
K213882,True,True,True,False,True,False,True
K213886,False,False,False,False,False,False,False
K213938,False,False,False,False,False,False,False
K213941,True,True,True,False,False,True,True
K213944,False,False,False,False,False,False,False
K213960,False,False,False,False,False,False,False
K213971,True,True,True,False,False,True,True
K213976,False,False,False,False,False,False,False
K213986,False,True,True,False,False,True,False
K213998,False,False,False,False,False,True,False
K213999,False,False,False,False,False,False,False
K214019,False,False,False,False,False,False,False
K214036,False,False,False,False,False,False,False
K214043,False,True,True,False,False,False,False
K214081,False,False,False,False,False,False,False
K220013,False,False,False,False,False,False,False
K220034,False,False,False,False,False,False,False
K220043,False,False,False,False,False,False,False
K220068,False,True,True,True,False,True,False
K220080,True,False,True,False,False,False,True
K220105,True,False,True,True,False,False,True
K220141,False,False,False,False,False,False,False
K220151,False,False,False,False,False,False,False
K220164,False,True,True,False,False,False,False
K220192,False,False,False,False,False,False,False
K220264,False,False,False,False,False,False,False
K220332,True,True,True,False,False,True,True
K220349,False,False,False,False,False,False,False
K220358,False,True,True,False,False,True,False
K220408,True,False,True,True,False,False,True
K220416,False,False,False,False,False,True,False
K220437,True,True,True,False,True,False,True
K220439,False,False,False,False,False,False,False
K220446,False,False,False,False,False,False,False
K220497,True,False,True,True,False,False,True
K220499,False,False,False,False,False,True,False
K220575,False,False,False,False,False,False,False
K220589,False,False,False,False,False,False,False
K220590,False,False,False,False,False,False,False
K220598,True,True,True,False,False,False,True
K220619,False,True,True,False,False,True,False
K220624,False,False,False,False,False,False,False
K220709,False,False,False,False,False,False,False
K220766,False,False,False,False,False,False,False
K220783,False,False,False,False,False,False,False
K220786,False,False,False,False,False,False,False
K220800,False,True,True,False,False,True,False
K220813,False,True,True,True,False,True,False
K220815,False,False,False,False,False,False,False
K220848,False,True,True,False,False,True,False
K220851,False,True,True,False,False,True,False
K220882,False,True,True,False,False,True,False
K220899,False,False,False,False,False,False,False
K220928,False,False,False,False,False,False,False
K220939,False,False,False,False,False,False,False
K220940,False,True,True,False,False,True,False
K220956,False,False,False,False,False,False,False
K220961,False,False,False,False,False,False,False
K220975,False,True,True,False,False,False,False
K220986,False,False,False,False,False,False,False
K221100,False,False,False,False,False,False,False
K221106,False,False,False,False,False,False,False
K221147,False,True,True,False,False,True,False
K221148,False,True,True,False,False,True,False
K221179,True,True,True,False,True,True,True
K221183,True,True,True,True,True,True,True
K221203,False,False,False,False,False,False,False
K221219,False,False,False,False,False,False,False
K221240,True,False,True,False,False,False,True
K221241,False,True,True,False,False,True,False
K221248,False,False,False,False,False,True,False
K221305,False,False,False,False,False,False,False
K221309,False,False,False,False,False,False,False
K221314,False,False,False,False,False,False,False
K221330,False,False,False,False,False,False,False
K221347,False,False,False,False,False,False,False
K221393,False,False,False,False,False,False,False
K221432,False,False,False,False,False,False,False
K221449,False,False,False,False,False,False,False
K221456,False,False,False,False,False,False,False
K221463,False,False,False,False,False,False,False
K221552,False,False,False,False,False,False,False
K221564,False,False,False,False,False,True,False
K221592,False,False,False,False,False,False,False
K221599,False,True,True,False,False,True,False
K221624,False,False,False,False,False,False,False
K221632,False,False,False,False,False,False,False
K221680,False,False,False,False,False,False,False
K221706,False,False,False,False,False,False,False
K221716,False,False,False,False,False,False,False
K221727,False,False,False,False,False,False,False
K221733,False,False,False,False,False,False,False
K221738,False,False,False,True,False,False,False
K221762,False,True,True,False,False,True,False
K221772,False,False,False,False,False,True,False
K221868,True,True,True,False,False,True,True
K221892,False,True,True,False,False,False,False
K221921,False,False,False,False,False,False,False
K221923,False,False,False,False,False,False,False
K221962,False,False,False,False,False,False,False
K222036,False,False,False,False,False,False,False
K222070,False,False,False,False,False,False,False
K222076,False,False,False,False,False,False,False
K222172,False,False,False,False,False,False,False
K222174,False,False,False,False,False,True,False
K222176,False,False,False,False,False,False,False
K222179,True,True,True,False,False,True,True
K222268,True,True,True,False,False,True,True
K222275,False,False,False,False,False,False,False
K222277,False,False,False,False,False,False,False
K222312,False,False,False,False,False,False,False
K222329,False,False,False,False,False,False,False
K222360,False,False,False,False,False,False,False
K222361,False,False,False,False,False,False,False
K222389,False,False,False,False,False,False,False
K222406,False,False,False,False,False,False,False
K222428,False,False,False,False,False,False,False
K222458,False,False,False,False,False,True,False
K222579,False,False,False,False,False,False,False
K222593,False,False,False,False,False,True,False
K222676,False,True,True,False,False,False,False
K222692,False,False,False,False,False,False,False
K222728,True,True,True,False,False,True,True
K222745,False,False,False,False,False,False,False
K222746,False,False,False,False,False,False,False
K222755,True,True,True,False,False,True,True
K222803,False,False,False,False,False,True,False
K222819,False,False,False,False,False,False,False
K222884,False,False,False,False,False,False,False
K222921,False,False,False,False,False,False,False
K222970,False,False,False,False,False,False,False
K223028,False,False,False,False,False,False,False
K223032,False,False,False,False,False,False,False
K223042,False,False,False,False,False,False,False
K223073,False,False,False,False,False,False,False
K223106,False,False,False,False,False,False,False
K223133,True,False,True,True,False,True,True
K223180,False,False,False,False,False,False,False
K223212,False,False,False,False,False,True,False
K223240,True,True,True,False,False,True,True
K223247,False,False,False,False,False,False,False
K223268,False,False,False,False,False,False,False
K223287,False,False,False,False,False,True,False
K223288,False,False,False,False,False,False,False
K223296,False,True,True,False,False,True,False
K223311,False,False,False,False,False,False,False
K223325,False,False,False,False,False,False,False
K223343,False,True,True,False,False,False,False
K223347,False,False,False,False,False,False,False
K223357,True,False,True,False,False,False,True
K223387,False,True,True,False,False,True,False
K223396,False,False,False,False,False,False,False
K223424,False,False,False,False,False,False,False
K223426,False,False,False,False,False,False,False
K223439,False,False,False,False,False,False,False
K223442,False,False,False,False,False,False,False
K223443,False,False,False,False,False,True,False
K223458,False,False,False,False,False,False,False
K223473,True,False,True,False,False,True,True
K223490,True,False,True,False,False,False,True
K223491,False,False,False,False,False,True,False
K223501,True,False,True,False,False,False,True
K223502,False,False,False,False,False,False,False
K223504,False,False,False,False,False,True,False
K223514,False,False,False,False,False,False,False
K223516,False,False,False,False,False,False,False
K223523,False,False,False,False,False,False,False
K223539,False,False,False,False,False,False,False
K223552,False,False,False,False,False,False,False
K223553,False,False,False,False,False,False,False
K223556,False,False,False,True,False,False,False
K223621,False,True,True,False,False,False,False
K223622,False,False,False,False,False,True,False
K223623,False,False,False,False,False,False,False
K223630,False,False,False,False,False,False,False
K223639,False,False,False,False,False,True,False
K223646,False,False,False,False,False,False,False
K223659,False,False,False,False,False,False,False
K223724,True,False,True,False,False,False,True
K223726,False,False,False,False,False,False,False
K223734,False,False,False,False,False,False,False
K223738,False,False,False,False,False,False,False
K223754,False,True,True,False,False,True,False
K223757,False,False,False,True,False,True,False
K223771,False,True,True,False,False,True,False
K223774,False,False,False,False,False,False,False
K223811,False,False,False,False,False,False,False
K223830,False,True,True,False,False,False,False
K223855,False,False,False,False,False,False,False
K223864,False,False,False,False,False,False,False
K223905,False,False,False,False,False,False,False
K230020,False,False,False,False,False,False,False
K230023,False,True,True,True,False,True,False
K230039,False,False,False,False,False,False,False
K230045,False,False,False,False,False,False,False
K230074,False,False,False,False,False,False,False
K230082,False,True,True,False,False,True,False
K230084,False,True,True,False,False,True,False
K230085,False,False,False,False,False,False,False
K230096,False,False,False,False,False,False,False
K230112,False,False,False,False,False,False,False
K230144,False,False,False,False,False,False,False
K230150,False,False,False,False,False,False,False
K230179,False,False,False,False,False,True,False
K230197,False,True,True,False,False,True,False
K230208,False,False,False,False,False,False,False
K230209,False,False,False,False,False,True,False
K230220,False,False,False,False,False,False,False
K230223,False,False,False,False,False,False,False
K230252,False,False,False,False,False,False,False
K230264,False,False,False,False,False,False,False
K230273,False,False,False,False,False,False,False
K230292,False,False,False,False,False,False,False
K230337,False,False,False,False,False,False,False
K230346,False,True,True,False,False,True,False
K230355,False,False,False,False,False,False,False
K230365,True,True,True,False,False,False,True
K230370,False,False,False,False,False,False,False
K230497,False,True,True,False,False,True,False
K230534,False,False,False,False,False,False,False
K230552,False,False,False,False,False,False,False
K230553,False,False,False,False,False,False,False
K230575,False,False,False,False,False,False,False
K230658,False,False,False,False,False,False,False
K230685,True,False,True,False,False,False,True
K230751,True,False,True,False,False,True,True
K230772,False,False,False,False,False,False,False
K230807,False,False,False,False,False,False,False
K230812,False,False,False,False,False,True,False
K230823,False,False,False,False,False,False,False
K230842,False,False,False,False,False,True,False
K230850,False,False,False,False,False,False,False
K230854,False,False,False,False,False,True,False
K230899,False,False,False,False,False,False,False
K230913,False,False,False,False,False,False,False
K230977,False,False,False,False,False,False,False
K231001,False,True,True,True,False,False,False
K231010,False,False,False,False,False,False,False
K231025,False,False,False,True,False,False,False
K231038,False,False,False,False,False,False,False
K231068,False,False,False,False,False,False,False
K231094,True,True,True,False,False,True,True
K231130,True,True,True,False,True,False,True
K231143,False,False,False,False,False,False,False
K231149,False,False,False,False,False,False,False
K231157,False,False,False,False,False,False,False
K231173,True,False,True,False,False,True,True
K231190,False,False,False,False,False,False,False
K231195,False,False,False,False,False,True,False
K231207,False,False,False,False,False,False,False
K231281,False,False,False,False,False,False,False
K231324,False,True,True,False,False,False,False
K231335,False,False,False,False,False,False,False
K231355,False,False,False,False,False,False,False
K231384,True,True,True,False,False,True,True
K231396,False,False,False,False,False,False,False
K231398,False,False,False,False,False,False,False
K231459,False,False,False,False,False,False,False
K231470,True,True,True,False,False,True,True
K231560,False,True,True,False,False,True,False
K231570,False,False,False,False,False,False,False
K231572,False,False,False,False,False,False,False
K231587,False,True,True,False,False,True,False
K231617,False,True,True,False,False,False,False
K231631,False,False,False,False,False,False,False
K231642,False,False,False,False,False,False,False
K231668,False,False,False,False,False,False,False
K231677,True,False,True,False,False,True,True
K231678,False,False,False,False,False,False,False
K231683,False,True,True,False,False,False,False
K231690,False,False,False,False,False,False,False
K231748,False,False,False,False,False,False,False
K231757,False,False,False,False,False,False,False
K231764,False,True,True,False,False,False,False
K231765,False,False,False,False,False,False,False
K231767,True,True,True,False,False,True,True
K231772,False,True,True,False,False,False,False
K231779,False,False,False,False,False,True,False
K231805,True,False,True,False,False,False,True
K231833,False,False,False,False,False,False,False
K231837,True,True,True,False,False,True,True
K231855,False,True,True,False,False,True,False
K231871,False,False,False,False,False,False,False
K231898,False,False,False,False,False,False,False
K231917,False,False,False,False,False,True,False
K231928,True,False,True,True,False,True,True
K231929,False,False,False,False,False,True,False
K231955,False,False,False,False,False,False,False
K231965,False,True,True,False,False,True,False
K231966,False,True,True,False,False,False,False
K231989,False,True,True,False,False,False,False
K232000,False,False,False,False,False,False,False
K232023,False,False,False,False,False,True,False
K232035,False,False,False,False,False,False,False
K232045,False,False,False,False,False,False,False
K232083,False,False,False,False,False,False,False
K232096,False,False,False,False,False,False,False
K232140,False,True,True,False,False,False,False
K232145,False,True,True,False,False,True,False
K232148,False,False,False,False,False,False,False
K232156,False,False,False,False,False,True,False
K232231,False,False,False,False,False,False,False
K232237,False,False,False,False,False,True,False
K232250,False,False,False,False,False,False,False
K232257,False,False,False,False,False,True,False
K232305,False,False,False,False,False,False,False
K232322,False,True,True,False,False,False,False
K232331,True,True,True,False,True,False,True
K232363,False,False,False,False,False,False,False
K232367,False,False,False,False,False,False,False
K232381,False,True,True,False,False,False,False
K232384,False,False,False,False,False,True,False
K232410,False,False,False,False,False,False,False
K232412,False,False,False,False,False,False,False
K232416,False,False,False,False,False,False,False
K232431,False,False,False,False,False,False,False
K232436,False,False,False,False,False,False,False
K232440,False,False,False,False,False,False,False
K232479,False,True,True,True,False,True,False
K232482,False,False,False,False,False,False,False
K232491,False,False,False,False,False,False,False
K232494,False,False,False,False,False,False,False
K232496,False,False,False,False,False,False,False
K232500,False,False,False,False,False,True,False
K232501,False,True,True,True,False,True,False
K232526,False,False,False,False,False,False,False
K232535,False,True,True,False,False,True,False
K232613,True,True,True,False,False,True,True
K232616,False,False,False,False,False,False,False
K232661,False,False,False,False,False,False,False
K232686,False,False,False,False,False,True,False
K232698,False,False,False,False,False,False,False
K232699,True,True,True,False,True,True,True
K232704,False,False,False,False,False,False,False
K232712,False,False,False,False,False,False,False
K232751,False,False,False,False,False,False,False
K232760,False,False,False,False,False,False,False
K232765,False,True,True,False,False,True,False
K232787,False,False,False,False,False,False,False
K232799,False,False,False,False,False,True,False
K232808,False,False,False,False,False,False,False
K232835,False,False,False,False,False,False,False
K232841,False,False,False,False,False,False,False
K232856,False,False,False,False,False,False,False
K232899,False,False,False,False,False,False,False
K232915,False,False,False,False,False,False,False
K232923,False,False,False,False,False,True,False
K232928,False,False,False,False,False,False,False
K233030,False,False,False,False,False,True,False
K233080,False,False,False,False,False,False,False
K233108,False,True,True,False,False,True,False
K233112,False,True,True,False,False,True,False
K233176,False,True,True,False,False,False,False
K233186,False,True,True,False,False,False,False
K233195,False,False,False,False,False,False,False
K233196,True,True,True,True,False,True,True
K233209,True,True,True,False,False,False,True
K233211,False,False,False,False,False,False,False
K233216,False,False,False,False,False,False,False
K233243,False,False,False,False,False,False,False
K233247,True,True,True,False,False,True,True
K233249,False,False,False,False,False,False,False
K233253,True,False,True,False,False,True,True
K233334,False,False,False,False,False,False,False
K233342,False,False,False,False,False,True,False
K233409,True,True,True,False,True,True,True
K233438,False,False,False,False,False,True,False
K233457,False,False,False,False,False,False,False
K233512,False,False,False,False,False,False,False
K233543,False,False,False,False,False,False,False
K233545,False,False,False,False,False,False,False
K233549,True,True,True,True,False,True,True
K233562,False,False,False,False,False,False,False
K233568,False,True,True,False,False,False,False
K233582,False,False,False,False,False,False,False
K233590,False,False,False,False,False,False,False
K233618,False,False,False,False,False,True,False
K233625,False,False,False,False,False,False,False
K233650,False,False,False,False,False,False,False
K233657,False,False,False,False,False,False,False
K233666,False,False,False,False,False,True,False
K233673,False,True,True,False,False,True,False
K233676,False,True,True,False,False,False,False
K233677,False,False,False,False,False,False,False
K233687,False,False,False,False,False,False,False
K233692,False,False,False,False,False,False,False
K233698,False,False,False,False,False,False,False
K233728,False,False,False,False,False,False,False
K233731,False,False,False,False,False,False,False
K233738,False,False,False,False,False,False,False
K233749,False,False,False,False,False,False,False
K233753,False,False,False,False,False,False,False
K233755,True,False,True,False,False,False,True
K233788,True,False,True,False,False,True,True
K233822,False,False,False,False,False,False,False
K233826,False,False,False,False,False,False,False
K233864,False,False,False,False,False,False,False
K233925,False,False,False,False,False,False,False
K233955,False,False,False,True,False,False,False
K233964,False,False,False,False,False,False,False
K233968,True,True,True,False,True,False,True
K233977,True,True,True,False,True,True,True
K233984,False,False,False,False,False,False,False
K233992,False,False,False,False,False,False,False
K233998,True,False,True,False,False,False,True
K234009,False,False,False,False,False,False,False
K234042,True,True,True,False,False,False,True
K234047,False,False,False,False,False,False,False
K234068,False,False,False,False,False,False,False
K234141,False,False,False,False,False,True,False
K234154,False,False,False,False,False,False,False
K240003,False,False,False,False,False,False,False
K240013,True,True,True,False,True,False,True
K240036,False,False,False,False,False,False,False
K240044,True,True,True,True,True,True,True
K240058,True,True,True,True,True,True,True
K240062,False,True,True,False,False,False,False
K240094,True,True,True,True,True,True,True
K240172,False,False,False,False,False,False,False
K240200,False,False,False,False,False,False,False
K240238,False,False,False,False,False,False,False
K240285,True,True,True,False,False,False,True
K240290,True,False,True,False,False,True,True
K240291,False,False,False,False,False,False,False
K240294,False,False,False,False,False,False,False
K240301,True,False,True,False,False,True,True
K240353,True,False,True,False,False,False,True
K240369,False,False,False,False,False,False,False
K240398,False,False,False,False,False,False,False
K240406,True,True,True,False,True,False,True
K240408,False,False,False,False,False,True,False
K240411,False,True,True,False,False,True,False
K240417,True,True,True,False,True,True,True
K240465,False,False,False,False,False,False,False
K240516,False,True,True,False,False,True,False
K240540,False,False,False,False,False,False,False
K240553,False,False,False,False,False,False,False
K240554,False,False,False,False,False,False,False
K240555,False,False,False,False,False,True,False
K240582,False,False,False,False,False,True,False
K240612,True,True,True,False,True,False,True
K240631,False,False,False,False,False,False,False
K240642,False,False,False,True,False,True,False
K240645,False,False,False,False,False,False,False
K240680,True,True,True,False,False,False,True
K240697,False,True,True,False,False,False,False
K240704,False,True,True,False,False,True,False
K240712,True,True,True,False,False,True,True
K240736,False,False,False,True,False,True,False
K240740,False,False,False,False,False,False,False
K240744,False,False,False,False,False,False,False
K240769,False,False,False,False,False,False,False
K240773,False,False,False,False,False,True,False
K240781,False,False,False,False,False,False,False
K240791,False,True,True,False,False,False,False
K240793,True,False,True,True,False,True,True
K240795,True,True,True,False,False,True,True
K240845,False,True,True,False,False,False,False
K240850,False,False,False,False,False,False,False
K240860,True,True,True,True,True,True,True
K240926,False,False,False,False,False,True,False
K240929,True,True,True,False,False,True,True
K240942,True,True,True,False,True,False,True
K240943,False,False,False,False,False,False,False
K240944,False,False,False,False,False,False,False
K240953,False,True,True,True,False,True,False
K240980,False,False,False,False,False,True,False
K240993,False,False,False,False,False,False,False
K241009,False,False,False,False,False,False,False
K241029,False,True,True,False,False,True,False
K241038,False,False,False,False,False,False,False
K241079,False,False,False,False,False,False,False
K241083,False,False,False,False,False,False,False
K241098,True,True,True,True,False,False,True
K241108,True,False,True,True,False,False,True
K241112,False,False,False,False,False,False,False
K241121,False,False,False,False,False,False,False
K241166,False,False,False,False,False,False,False
K241197,False,False,False,False,False,False,False
K241200,False,False,False,False,False,False,False
K241211,False,False,False,True,False,False,False
K241222,False,False,False,False,False,False,False
K241232,False,False,False,False,False,False,False
K241242,False,False,False,False,False,False,False
K241245,True,True,True,False,False,True,True
K241280,False,False,False,False,False,False,False
K241292,False,False,False,False,False,False,False
K241312,False,False,False,True,False,True,False
K241329,True,True,True,False,False,True,True
K241331,False,True,True,False,False,True,False
K241350,False,False,False,False,False,False,False
K241380,True,True,True,False,False,False,True
K241390,False,False,False,False,False,True,False
K241429,False,False,False,False,False,False,False
K241430,False,False,False,False,False,True,False
K241439,True,True,True,False,True,True,True
K241440,False,False,False,False,False,False,False
K241480,False,False,False,False,False,False,False
K241481,False,False,False,False,False,False,False
K241490,False,False,False,False,False,False,False
K241496,False,False,False,False,False,False,False
K241508,False,False,False,False,False,False,False
K241543,False,True,True,False,False,False,False
K241546,False,False,False,False,False,False,False
K241561,True,True,True,False,True,False,True
K241582,False,True,True,False,False,True,False
K241585,False,False,False,False,False,False,False
K241593,False,False,False,False,False,False,False
K241596,False,False,False,False,False,False,False
K241620,False,False,False,False,False,False,False
K241633,True,True,True,False,True,True,True
K241659,False,False,False,False,False,True,False
K241665,False,False,False,False,False,False,False
K241671,False,False,False,False,False,True,False
K241676,True,True,True,True,True,True,True
K241681,False,False,False,False,False,False,False
K241684,False,False,False,False,False,False,False
K241696,False,True,True,False,False,False,False
K241719,False,False,False,False,False,False,False
K241725,False,False,False,False,False,True,False
K241727,False,False,False,False,False,False,False
K241747,True,True,True,False,False,False,True
K241770,False,True,True,False,False,False,False
K241831,False,True,True,False,False,False,False
K241837,True,True,True,False,False,False,True
K241847,False,False,False,False,False,False,False
K241887,False,False,False,False,False,False,False
K241891,True,True,True,False,False,True,True
K241922,False,False,False,False,False,False,False
K241923,True,True,True,False,False,False,True
K241949,False,False,False,False,False,False,False
K241960,True,True,True,False,True,False,True
K241961,False,False,False,False,False,True,False
K241971,False,True,True,False,False,True,False
K241982,False,False,False,False,False,False,False
K241984,False,False,False,False,False,False,False
K242005,False,False,False,False,False,False,False
K242020,False,False,False,False,False,False,False
K242054,False,False,False,False,False,False,False
K242062,False,True,True,False,False,False,False
K242094,False,False,False,False,False,False,False
K242123,True,True,True,False,True,True,True
K242129,True,True,True,False,False,True,True
K242130,False,True,True,False,False,True,False
K242166,False,False,False,False,False,False,False
K242168,False,False,False,False,False,True,False
K242171,False,True,True,False,False,False,False
K242188,False,False,False,False,False,False,False
K242203,False,False,False,False,False,False,False
K242215,False,False,False,False,False,True,False
K242240,False,True,True,False,False,False,False
K242270,False,True,True,False,False,False,False
K242275,False,False,False,False,False,False,False
K242292,True,True,True,False,True,True,True
K242295,False,False,False,False,False,False,False
K242300,False,False,False,False,False,False,False
K242323,False,False,False,False,False,False,False
K242334,False,False,False,False,False,False,False
K242338,False,False,False,False,False,False,False
K242342,True,True,True,False,False,True,True
K242359,False,True,True,True,False,True,False
K242362,False,False,False,False,False,False,False
K242388,False,False,False,False,False,False,False
K242403,False,False,False,False,False,False,False
K242437,True,False,True,False,False,True,True
K242444,False,True,True,False,False,True,False
K242447,False,False,False,False,False,False,False
K242461,False,False,False,False,False,False,False
K242467,True,True,True,False,True,True,True
K242480,False,False,False,False,False,False,False
K242488,False,False,False,False,False,False,False
K242500,False,False,False,False,False,False,False
K242511,False,True,True,False,False,True,False
K242522,False,False,False,False,False,False,False
K242523,False,True,True,False,False,True,False
K242551,False,False,False,False,False,False,False
K242583,False,False,False,True,False,True,False
K242594,False,False,False,True,False,True,False
K242600,False,False,False,False,False,False,False
K242607,False,True,True,True,False,False,False
K242624,False,False,False,False,False,False,False
K242652,False,False,False,False,False,False,False
K242683,True,True,True,False,True,True,True
K242729,False,False,False,False,False,False,False
K242737,False,False,False,False,False,True,False
K242745,False,False,False,False,False,False,False
K242748,False,False,False,False,False,True,False
K242781,False,False,False,False,False,True,False
K242798,False,False,False,False,False,False,False
K242800,False,True,True,False,False,True,False
K242807,False,False,False,False,False,True,False
K242821,True,True,True,False,False,False,True
K242822,False,False,False,False,False,False,False
K242825,False,False,False,False,False,False,False
K242830,False,False,False,False,False,False,False
K242837,False,False,False,False,False,False,False
K242838,False,False,False,False,False,False,False
K242919,True,False,True,False,False,False,True
K242925,False,False,False,False,False,False,False
K242967,False,False,False,False,False,True,False
K242994,False,True,True,False,False,False,False
K243005,False,False,False,False,False,False,False
K243038,False,False,False,False,False,False,False
K243042,False,False,False,False,False,False,False
K243065,False,False,False,False,False,True,False
K243122,False,True,True,False,False,True,False
K243144,False,False,False,False,False,False,False
K243145,False,True,True,False,False,False,False
K243158,False,False,False,True,False,False,False
K243189,True,True,True,False,True,False,True
K243209,False,False,False,False,False,False,False
K243229,False,False,False,False,False,False,False
K243230,False,True,True,False,False,True,False
K243234,False,False,False,False,False,False,False
K243235,True,False,True,False,False,False,True
K243239,False,True,True,True,False,True,False
K243250,False,False,False,False,False,False,False
K243253,False,False,False,False,False,True,False
K243268,False,False,False,False,False,True,False
K243292,False,False,False,False,False,False,False
K243294,True,True,True,False,True,True,True
K243331,False,False,False,False,False,False,False
K243335,False,False,False,False,False,False,False
K243341,True,True,True,False,False,False,True
K243350,False,False,False,False,False,True,False
K243363,True,True,True,False,False,True,True
K243376,False,False,False,False,False,False,False
K243378,False,False,False,False,False,True,False
K243397,False,True,True,False,False,True,False
K243446,False,False,False,False,False,False,False
K243449,True,False,True,False,False,False,True
K243481,False,False,False,False,False,False,False
K243523,False,False,False,False,False,False,False
K243538,False,False,False,False,False,False,False
K243547,False,True,True,True,False,True,False
K243548,False,False,False,False,False,False,False
K243558,False,False,False,False,False,False,False
K243567,False,False,False,False,False,True,False
K243611,True,True,True,False,False,True,True
K243614,True,True,True,False,False,False,True
K243617,False,False,False,False,False,False,False
K243620,False,False,False,False,False,False,False
K243628,False,False,False,False,False,False,False
K243633,False,True,True,False,False,True,False
K243647,False,False,False,False,False,True,False
K243651,False,False,False,False,False,False,False
K243657,False,False,False,False,False,False,False
K243667,False,False,False,False,False,False,False
K243672,False,True,True,False,False,False,False
K243679,True,True,True,False,False,False,True
K243681,False,False,False,False,False,True,False
K243684,True,True,True,False,False,True,True
K243685,True,True,True,False,True,False,True
K243687,False,False,False,False,False,False,False
K243688,False,False,False,False,False,False,False
K243689,False,False,False,False,False,False,False
K243696,False,False,False,False,False,False,False
K243702,False,True,True,False,False,True,False
K243705,False,False,False,False,False,False,False
K243743,False,False,False,False,False,False,False
K243762,False,False,False,False,False,False,False
K243769,False,False,False,False,False,False,False
K243779,False,False,False,False,False,False,False
K243793,True,True,True,False,False,True,True
K243794,True,False,True,False,False,True,True
K243808,False,True,True,False,False,False,False
K243810,False,False,False,False,False,False,False
K243812,False,False,False,False,False,False,False
K243831,False,True,True,False,False,False,False
K243851,True,True,True,False,False,False,True
K243853,False,False,False,True,False,False,False
K243859,False,False,False,False,False,True,False
K243862,False,True,True,False,False,False,False
K243863,False,True,True,False,False,False,False
K243866,True,True,True,False,True,False,True
K243878,False,False,False,False,False,False,False
K243884,False,True,True,False,False,False,False
K243891,False,False,False,False,False,False,False
K243893,False,False,False,False,False,False,False
K243919,False,False,False,False,False,False,False
K243933,False,True,True,False,False,False,False
K243937,False,True,True,False,False,True,False
K243950,False,False,False,False,False,False,False
K243955,False,False,False,False,False,False,False
K243989,False,False,False,False,False,False,False
K244002,False,True,True,False,False,True,False
K244023,True,False,True,False,False,False,True
K244027,False,False,False,False,False,False,False
K250003,False,True,True,True,False,False,False
K250005,False,False,False,False,False,False,False
K250023,False,False,False,True,False,True,False
K250035,False,False,False,False,False,False,False
K250042,False,False,False,False,False,True,False
K250064,False,False,False,True,False,True,False
K250086,False,True,True,False,False,False,False
K250087,False,True,True,False,False,True,False
K250096,False,False,False,False,False,True,False
K250119,True,True,True,True,False,True,True
K250151,True,True,True,False,True,True,True
K250177,False,False,False,False,False,False,False
K250186,False,False,False,False,False,False,False
K250221,False,False,False,False,False,True,False
K250226,False,False,False,True,False,False,False
K250236,False,True,True,True,False,True,False
K250237,False,False,False,False,False,False,False
K250246,False,True,True,False,False,True,False
K250248,False,False,False,False,False,False,False
K250255,False,False,False,False,False,False,False
K250264,False,False,False,False,False,False,False
K250268,False,False,False,False,False,False,False
K250288,False,False,False,True,False,False,False
K250290,False,False,False,False,False,True,False
K250328,False,False,False,False,False,False,False
K250330,False,False,False,False,False,False,False
K250337,False,False,False,False,False,True,False
K250354,False,False,False,False,False,True,False
K250367,False,False,False,True,False,False,False
K250369,False,False,False,False,False,False,False
K250370,False,False,False,False,False,False,False
K250379,False,False,False,False,False,False,False
K250416,False,False,False,False,False,False,False
K250427,True,True,True,False,False,True,True
K250436,False,True,True,False,False,True,False
K250440,False,True,True,False,False,False,False
K250443,False,True,True,False,False,True,False
K250484,False,False,False,False,False,False,False
K250507,True,True,True,False,False,True,True
K250515,False,False,False,False,False,False,False
K250525,False,False,False,False,False,True,False
K250543,False,False,False,False,False,False,False
K250569,False,False,False,False,False,False,False
K250649,True,True,True,False,True,True,True
K250650,False,False,False,False,False,False,False
K250652,False,False,False,False,False,False,False
K250660,False,False,False,False,False,False,False
K250662,False,False,False,False,False,False,False
K250670,False,True,True,False,False,True,False
K250685,False,False,False,False,False,False,False
K250686,False,False,False,False,False,False,False
K250694,False,False,False,False,False,False,False
K250738,False,False,False,False,False,False,False
K250749,False,False,False,False,False,False,False
K250753,False,False,False,False,False,True,False
K250754,False,False,False,False,False,False,False
K250755,False,False,False,False,False,False,False
K250766,False,False,False,False,False,False,False
K250780,True,False,True,False,False,False,True
K250788,False,False,False,False,False,False,False
K250818,False,False,False,False,False,False,False
K250831,True,True,True,False,False,True,True
K250877,False,False,False,False,False,False,False
K250882,False,False,False,False,False,False,False
K250886,True,False,True,False,False,True,True
K250901,False,False,False,False,False,False,False
K250902,False,False,False,False,False,False,False
K250914,False,False,False,True,False,False,False
K250932,False,False,False,False,False,False,False
K250941,False,False,False,False,False,False,False
K250959,True,True,True,False,True,False,True
K250984,False,False,False,False,False,False,False
K250999,False,True,True,False,False,True,False
K251002,False,False,False,False,False,True,False
K251009,False,False,False,False,False,True,False
K251027,False,False,False,False,False,False,False
K251029,False,False,False,True,False,False,False
K251059,False,False,False,False,False,True,False
K251071,True,True,True,False,False,True,True
K251072,False,False,False,False,False,True,False
K251078,False,False,False,False,False,True,False
K251082,False,False,False,False,False,False,False
K251096,False,False,False,False,False,True,False
K251106,False,True,True,False,False,True,False
K251110,False,False,False,False,False,False,False
K251126,False,False,False,False,False,False,False
K251151,False,False,False,False,False,True,False
K251153,False,False,False,False,False,True,False
K251167,False,False,False,False,False,False,False
K251169,False,True,True,False,False,True,False
K251203,False,False,False,False,False,False,False
K251221,False,False,False,False,False,False,False
K251276,False,True,True,True,False,True,False
K251293,True,False,True,False,False,True,True
K251316,False,False,False,False,False,True,False
K251322,False,True,True,False,False,True,False
K251342,False,True,True,False,False,True,False
K251355,False,False,False,False,False,False,False
K251368,True,True,True,False,False,False,True
K251370,False,False,False,False,False,False,False
K251386,False,False,False,False,False,False,False
K251397,False,False,False,False,False,False,False
K251399,False,False,False,False,False,False,False
K251406,False,False,False,False,False,False,False
K251408,True,False,True,False,False,True,True
K251416,False,False,False,False,False,True,False
K251455,True,False,True,False,False,True,True
K251456,True,True,True,False,False,True,True
K251481,False,False,False,False,False,False,False
K251483,False,False,False,False,False,True,False
K251494,True,True,True,False,True,True,True
K251506,False,False,False,False,False,False,False
K251514,False,False,False,False,False,False,False
K251518,False,False,False,False,False,False,False
K251527,False,False,False,False,False,False,False
K251528,False,False,False,False,False,False,False
K251532,False,False,False,False,False,False,False
K251533,False,False,False,False,False,True,False
K251590,False,False,False,False,False,False,False
K251602,False,False,False,False,False,False,False
K251610,False,False,False,False,False,False,False
K251629,False,False,False,False,False,True,False
K251639,False,False,False,False,False,False,False
K251651,False,False,False,False,False,False,False
K251656,False,False,False,False,False,False,False
K251657,False,False,False,False,False,False,False
K251673,False,False,False,False,False,False,False
K251682,False,True,True,False,False,True,False
K251747,False,False,False,False,False,True,False
K251763,False,False,False,False,False,False,False
K251766,True,True,True,False,True,False,True
K251822,False,True,True,False,False,False,False
K251837,True,False,True,False,False,False,True
K251839,False,True,True,False,False,True,False
K251873,True,True,True,False,False,False,True
K251931,False,False,False,False,False,True,False
K251936,False,False,False,False,False,True,False
K251963,True,True,True,False,False,True,True
K251983,False,False,False,False,False,False,False
K251985,True,True,True,False,False,True,True
K251987,False,False,False,False,False,True,False
K252007,True,True,True,False,False,True,True
K252029,False,False,False,True,False,False,False
K252041,False,False,False,False,False,False,False
K252054,False,False,False,False,False,True,False
K252074,False,True,True,False,False,True,False
K252086,False,False,False,False,False,True,False
K252103,False,False,False,False,False,True,False
K252105,False,False,False,False,False,True,False
K252178,True,False,True,False,False,False,True
K252204,True,True,True,False,True,True,True
K252214,True,True,True,False,True,True,True
K252217,False,False,False,False,False,True,False
K252235,False,False,False,False,False,False,False
K252284,False,False,False,False,False,False,False
K252294,True,True,True,False,False,True,True
K252298,False,False,False,False,False,False,False
K252328,False,True,True,False,False,True,False
K252330,True,True,True,False,True,False,True
K252362,True,True,True,False,False,False,True
K252366,False,False,False,False,False,True,False
K252371,False,False,False,False,False,False,False
K252379,False,False,False,False,False,False,False
K252452,False,False,False,False,False,True,False
K252482,False,False,False,False,False,True,False
K252497,True,False,True,False,False,False,True
K252504,False,False,False,False,False,False,False
K252539,False,False,False,False,False,False,False
K252557,False,False,False,False,False,False,False
K252586,False,False,False,False,False,False,False
K252665,False,False,False,False,False,False,False
K252670,False,False,False,False,False,True,False
K252838,False,True,True,False,False,False,False
K252856,False,False,False,False,False,True,False
K252922,True,True,True,True,False,True,True
K253091,False,False,False,False,False,False,False
K253141,False,False,False,False,False,False,False
K253265,False,False,False,False,False,False,False
K253269,False,True,True,False,False,True,False
K253310,False,False,False,False,False,False,False
K253489,False,True,True,True,False,True,False
K253516,False,False,False,False,False,False,False
K253532,True,True,True,False,True,True,True
K253664,False,False,False,False,False,False,False
K955841,False,False,False,False,False,False,False
P000041,False,False,False,False,False,False,False
P010034,False,False,False,False,False,False,False
P040028,False,False,False,False,False,False,False
P090012,True,True,True,False,True,False,True
P110014,False,False,False,False,False,False,False
P140011_S008,False,False,False,False,False,False,False
P150043,False,False,False,False,False,False,False
P150046,False,False,False,False,False,False,False
P160009,False,False,False,False,False,False,False
P200003,False,False,False,False,False,False,False
P210011,False,False,False,False,False,False,False
P210015,False,False,False,False,False,False,False
P230022,False,False,False,False,False,False,False
