device_id,raw_token_count,filtered_token_count,unique_filtered
K003301,1197,623,303
K033840,1322,703,321
K043341,4607,3033,1053
K080595,1163,601,271
K080762,1062,545,339
K080896,2275,1278,480
K081140,1297,657,335
K082483,967,431,261
K092116,1339,695,334
K092967,4055,2584,829
K102778,1312,734,392
K111776,1187,544,325
K120161,1039,437,289
K120489,2208,1269,535
K120771,3880,2956,1735
K121617,1334,690,401
K123526,1023,499,285
K130831,4577,3261,763
K131044,1575,823,391
K133259,1620,846,460
K133649,1225,648,339
K141069,1493,741,364
K141480,1646,844,419
K141922,1646,763,384
K142037,1270,626,323
K142512,1905,998,404
K142918,1546,790,404
K143643,2774,1586,574
K150102,677,270,197
K150817,2527,1393,498
K152733,4100,2647,986
K153351,1676,903,416
K153427,1975,1072,421
K160016,1649,809,440
K160088,2236,1211,561
K160338,1678,804,366
K160401,1239,616,332
K161068,3400,1933,610
K161148,1731,881,410
K161201,1117,540,313
K161322,1883,1023,512
K161382,2291,1312,537
K161625,1351,642,377
K161772,2015,1024,429
K161834,1664,900,333
K161959,1967,1025,451
K162830,1724,789,407
K162855,1584,817,431
K163013,1629,819,401
K163138,2023,1134,499
K163253,1668,837,424
K163339,1812,1021,464
K163622,1556,734,374
K163623,1385,705,341
K163665,2674,1582,594
K163694,1544,729,372
K170069,2423,1247,445
K170172,1299,629,327
K170250,2489,1284,561
K170540,1694,967,412
K170568,2460,1310,506
K170747,2689,1394,567
K170981,1739,971,403
K171056,2527,1283,391
K171122,1839,958,406
K171315,2243,1228,453
K171328,1988,1048,469
K171936,1501,771,387
K172122,1452,719,409
K172356,2002,1158,490
K172385,2821,1695,591
K172507,1312,636,403
K172803,4020,2453,754
K172959,2015,1048,447
K172983,1623,771,366
K173327,2912,1696,620
K173420,2107,1072,464
K173444,2005,1148,461
K173542,1439,689,351
K173574,1890,1009,402
K173588,2598,1305,520
K173605,1140,522,321
K173749,783,315,232
K173780,1813,964,449
K173810,1294,600,308
K173821,1724,1001,437
K173839,1745,959,404
K173872,1906,960,451
K173939,1576,817,385
K180038,4498,2910,737
K180091,1122,525,295
K180126,1430,692,399
K180161,1915,1047,436
K180163,2885,1670,749
K180343,2651,1631,540
K180432,2634,1470,531
K180589,2694,1341,595
K180599,3076,1996,507
K180647,2517,1265,550
K180799,2652,1629,520
K180867,2023,1073,396
K181247,3009,1628,599
K181288,3079,1948,725
K181352,2445,1269,512
K181502,1734,870,429
K181572,2425,1231,482
K181574,1642,992,385
K181685,3160,2231,551
K181704,2679,1391,615
K181771,1507,732,363
K181823,1951,1032,440
K181861,1807,891,431
K181892,1469,752,383
K181916,4114,2455,717
K181939,2013,1080,436
K181988,2112,1121,469
K182034,1658,816,460
K182035,1210,556,286
K182112,2577,1374,550
K182130,3174,1821,639
K182149,3083,1608,700
K182177,1471,723,412
K182181,1065,503,330
K182218,2982,1690,636
K182310,1937,1025,394
K182336,1310,625,397
K182344,1883,932,440
K182373,3347,1858,579
K182384,2892,1703,593
K182419,3256,1775,729
K182456,2089,1110,517
K182513,1098,559,313
K182564,1893,1040,476
K182616,1934,1028,486
K182790,1963,1006,496
K182798,2239,1135,474
K182875,2120,1059,501
K182901,1682,854,432
K183012,1722,954,489
K183019,2745,1332,623
K183046,1794,939,431
K183089,2146,1201,561
K183133,3891,2174,655
K183182,2372,1321,519
K183202,1973,1028,480
K183204,1734,903,449
K183231,1440,681,369
K183268,2606,1369,600
K183271,2701,1419,561
K183272,2249,1097,494
K183274,2903,1727,696
K183282,2506,1255,484
K183285,2919,1527,629
K183322,2286,1261,453
K183370,3072,1657,616
K183460,1419,638,397
K183489,1337,588,357
K183593,16,13,11
K183646,1140,563,289
K183648,3099,1782,561
K183704,1985,1013,456
K190013,3219,1662,487
K190017,4262,2393,681
K190072,2583,1290,533
K190334,1817,991,502
K190362,1947,980,455
K190387,1290,602,338
K190424,2061,1046,463
K190442,3980,2225,809
K190529,1603,808,437
K190593,1345,630,348
K190764,2236,1064,566
K190815,3911,2343,664
K190868,1894,971,494
K190896,2515,1269,521
K190898,4396,2780,867
K190925,1382,685,358
K191026,1605,741,361
K191083,2673,1269,550
K191125,3230,1726,642
K191171,1959,999,495
K191179,1548,819,444
K191183,1647,809,375
K191194,4083,2326,751
K191262,2128,1115,570
K191278,1582,830,382
K191370,2982,1652,510
K191384,1204,535,317
K191493,1867,887,494
K191550,2461,1409,544
K191556,2394,1269,519
K191585,2841,1710,701
K191647,1930,1093,460
K191688,1494,722,417
K191713,4292,2405,879
K191928,1664,833,442
K191994,2802,1632,515
K192004,2054,1053,493
K192051,2034,1232,486
K192065,2401,1273,589
K192107,3252,2169,481
K192109,1497,744,431
K192130,2050,1090,476
K192167,1644,848,470
K192279,1337,625,347
K192287,1753,843,450
K192304,1509,644,384
K192320,2127,1081,463
K192377,2012,1096,428
K192383,3260,1700,655
K192388,1373,680,369
K192415,2353,1302,490
K192437,1673,794,412
K192442,2876,1463,585
K192455,3401,1896,592
K192531,1763,884,432
K192571,710,273,209
K192574,1806,951,431
K192601,2684,1303,481
K192665,5523,3892,951
K192732,1378,643,334
K192763,2000,994,454
K192828,2044,1097,450
K192832,1727,904,433
K192854,3730,2237,699
K192880,2150,1158,480
K192901,2252,1147,471
K192945,2614,1290,579
K192956,2440,1202,499
K192962,2438,1343,476
K192969,1456,670,400
K192973,1753,982,420
K193073,1911,947,422
K193087,2842,1513,616
K193097,1978,1060,470
K193109,2701,1482,562
K193170,1956,985,489
K193176,1241,561,339
K193178,1939,1163,684
K193210,1806,858,422
K193216,3369,1853,691
K193220,3775,2245,760
K193229,2085,1053,513
K193248,2176,1218,497
K193252,2196,1218,470
K193267,2498,1297,580
K193271,2818,1591,696
K193281,1474,736,366
K193282,1706,849,448
K193283,2233,1152,544
K193287,1786,970,493
K193289,2321,1165,429
K193290,1849,894,464
K193294,2055,983,452
K193298,2649,1356,549
K193300,1886,994,464
K193306,1497,760,404
K193351,2086,1087,460
K193417,2023,1115,504
K193518,2415,1368,628
K193562,3265,1811,696
K193631,3204,1808,643
K193658,2226,1160,516
K200036,2248,1218,485
K200232,2869,1564,661
K200323,2317,1207,522
K200356,1110,513,335
K200497,1858,1036,534
K200569,1276,604,344
K200595,4137,2419,775
K200621,1661,820,425
K200667,4814,3014,736
K200708,1767,968,499
K200714,4678,2933,867
K200717,1590,739,452
K200743,1946,1114,544
K200750,2673,1501,553
K200755,1663,820,454
K200760,3356,1863,687
K200828,5008,3021,876
K200833,2257,1184,526
K200851,1700,922,483
K200852,1684,915,466
K200855,3049,1519,565
K200873,1682,797,416
K200905,2460,1300,507
K200921,3155,1635,590
K200941,2779,1438,563
K200974,2186,1201,441
K200980,1657,851,441
K200990,2167,1219,478
K201012,5957,3514,521
K201019,2407,1280,519
K201020,2853,1480,570
K201034,2272,1218,526
K201039,2323,1302,523
K201103,2985,1586,632
K201195,2122,1089,492
K201232,2287,1137,453
K201298,3058,1738,674
K201301,2203,1245,524
K201310,2107,1080,485
K201369,2851,1459,574
K201411,1447,721,355
K201444,2282,1206,541
K201555,2246,1145,550
K201560,1710,852,427
K201615,1565,738,420
K201632,3592,2172,769
K201710,3484,2057,646
K201745,2236,1172,509
K201836,1767,909,427
K201841,1530,771,373
K201985,2220,1157,420
K201992,1274,597,358
K202013,1707,936,412
K202089,2200,1304,431
K202170,3661,2025,651
K202212,1999,1100,499
K202229,1988,1007,450
K202238,1679,829,443
K202280,2178,1064,539
K202284,1941,1010,473
K202300,6487,3545,1138
K202404,1788,858,455
K202414,1476,776,378
K202441,1687,847,459
K202487,1861,890,417
K202501,2666,1384,576
K202527,1670,791,422
K202546,1224,560,351
K202700,4619,2662,843
K202718,2525,1355,546
K202767,1701,884,418
K202927,2368,1269,615
K202928,2752,1455,569
K202990,1764,907,398
K202992,2861,1498,606
K203042,1901,1000,474
K203103,2216,1164,517
K203169,1885,915,434
K203182,1463,689,389
K203225,1991,1021,458
K203235,3157,1739,647
K203256,1382,668,358
K203258,3988,2240,805
K203260,1526,721,402
K203280,3889,2135,697
K203314,2197,1132,498
K203323,1744,917,404
K203329,1674,867,403
K203443,2902,1629,735
K203448,2783,1427,569
K203469,1448,645,362
K203502,1323,638,381
K203508,9378,4889,517
K203514,2019,1015,479
K203517,2509,1319,544
K203555,2040,1061,391
K203578,1501,729,403
K203582,2723,1524,630
K203610,1959,1002,455
K203617,1769,820,430
K203629,2301,1106,532
K203696,1635,798,428
K203744,1985,1008,526
K203783,2202,1138,484
K203785,2070,1110,472
K203822,2178,1239,462
K210001,1554,734,397
K210034,5614,3602,838
K210053,1373,646,393
K210069,1951,1081,483
K210071,1942,888,435
K210085,2358,1207,508
K210187,1861,974,486
K210209,1998,1033,476
K210237,3167,1574,567
K210365,3084,1815,681
K210404,2199,1095,524
K210426,1579,800,398
K210438,2097,1161,494
K210458,2763,1498,508
K210484,1838,913,483
K210543,3199,1696,588
K210556,2316,1256,566
K210611,2374,1207,618
K210632,1932,1033,393
K210645,1957,980,475
K210666,2354,1325,563
K210670,4575,2723,818
K210719,1946,868,497
K210747,1864,958,445
K210760,2142,1064,449
K210791,2090,1115,595
K210807,2178,1130,465
K210822,2653,1302,512
K210831,2425,1304,553
K210999,1849,874,460
K211118,1418,662,370
K211161,2042,1129,462
K211179,2539,1285,508
K211222,1922,990,440
K211279,2178,1173,446
K211326,1330,628,395
K211379,2210,1162,512
K211431,2416,1286,537
K211443,1915,982,429
K211459,2021,1046,495
K211506,1638,829,362
K211541,1799,904,463
K211597,2273,1187,424
K211611,2253,1173,498
K211655,2670,1406,582
K211678,3085,1779,597
K211733,3139,1900,574
K211764,2421,1180,507
K211788,1649,792,395
K211803,2184,1087,494
K211824,2397,1439,545
K211828,1815,923,439
K211841,2211,1146,468
K211846,2175,1144,530
K211867,1482,694,337
K211881,1525,680,387
K211906,1901,971,486
K211945,1636,812,417
K211951,1803,907,453
K211964,1336,632,351
K211966,1873,874,468
K211980,1613,782,395
K212005,2106,1106,502
K212012,1945,982,452
K212067,1941,980,485
K212074,1396,606,359
K212100,3123,1910,653
K212116,2667,1417,489
K212218,1489,699,363
K212219,2453,1321,541
K212230,2276,1217,535
K212261,2685,1334,534
K212265,2274,1318,515
K212269,1526,721,376
K212274,1779,929,480
K212333,1815,924,445
K212336,2081,964,439
K212365,2802,1658,547
K212383,3278,1921,743
K212441,3465,1914,808
K212442,3774,2081,677
K212456,1591,778,428
K212466,1401,659,378
K212516,2436,1273,468
K212519,2958,1658,679
K212616,6596,3876,1051
K212624,2483,1276,496
K212654,2854,1543,642
K212662,2616,1376,548
K212690,1768,897,431
K212704,2160,1118,409
K212758,2244,1223,519
K212783,3515,1958,717
K212915,2027,974,460
K212960,1921,1025,488
K213037,2680,1366,570
K213096,3009,1683,583
K213155,1936,943,426
K213165,3410,1950,689
K213272,2234,1225,568
K213275,2091,1127,548
K213305,2597,1471,627
K213307,1682,860,412
K213319,2595,1304,505
K213353,2385,1344,523
K213357,2313,1284,496
K213409,2143,1103,494
K213436,2127,1167,461
K213504,4862,2736,693
K213544,2704,1474,642
K213566,2399,1254,627
K213583,2523,1368,531
K213603,1547,747,396
K213628,1765,888,391
K213642,1846,997,460
K213645,1565,799,413
K213657,2055,1118,476
K213668,1609,773,390
K213686,3381,1987,760
K213689,1597,818,436
K213693,2535,1440,718
K213706,2871,1639,614
K213713,2522,1367,545
K213717,1637,781,397
K213721,2649,1354,562
K213725,1851,966,469
K213737,2031,1075,469
K213760,2078,1098,452
K213776,2557,1517,504
K213779,1266,549,333
K213794,2334,1177,482
K213795,2176,1205,553
K213857,1905,1006,475
K213882,2148,1070,520
K213886,2735,1437,568
K213938,1750,886,415
K213941,2112,1046,506
K213944,2470,1220,477
K213960,3383,1892,621
K213971,2717,1598,550
K213976,2277,1254,484
K213986,1766,852,395
K213998,2962,1640,568
K213999,1960,1008,504
K214019,1773,911,452
K214036,3744,2225,774
K214043,2398,1244,574
K214081,2796,1533,576
K220013,2010,1103,495
K220034,2041,1204,564
K220043,1933,1107,488
K220068,2065,1096,510
K220080,2286,1229,505
K220105,1985,1026,503
K220141,1569,742,382
K220151,1989,943,443
K220164,2774,1547,621
K220192,2499,1381,611
K220264,1792,923,419
K220332,4541,2517,757
K220349,3058,1693,616
K220358,2472,1294,574
K220408,3057,1845,639
K220416,1897,945,475
K220437,2221,1259,526
K220439,2169,1142,491
K220446,2064,1110,523
K220497,3151,1724,703
K220499,2390,1244,479
K220575,2117,1045,513
K220589,1981,927,438
K220590,2416,1341,564
K220598,2809,1594,600
K220619,2081,1119,539
K220624,2074,1175,543
K220709,2798,1505,604
K220766,1809,923,392
K220783,2499,1307,622
K220786,3177,1774,619
K220800,2434,1300,652
K220813,8351,4824,1249
K220815,1603,805,447
K220848,2476,1344,661
K220851,2511,1353,672
K220882,1874,1007,512
K220899,2680,1404,525
K220928,2273,1250,577
K220939,2813,1520,675
K220940,1756,884,469
K220956,1938,986,491
K220961,1731,863,435
K220975,1951,997,523
K220986,2091,1121,481
K221100,1650,802,377
K221106,1661,825,432
K221147,2226,1176,562
K221148,2152,1150,560
K221179,2426,1263,551
K221183,3788,1985,698
K221203,1197,568,335
K221219,2083,1094,482
K221240,2535,1324,555
K221241,2472,1310,514
K221248,2228,1127,476
K221305,3612,2024,683
K221309,3975,2282,814
K221314,2537,1309,550
K221330,3166,1740,661
K221347,1983,979,507
K221393,1600,778,444
K221432,1448,643,386
K221449,2411,1280,571
K221456,2304,1254,469
K221463,1933,1052,537
K221552,1943,1020,479
K221564,5236,3065,895
K221592,3430,1979,796
K221599,2310,1237,607
K221624,3474,1811,600
K221632,1527,730,388
K221680,2859,1546,604
K221706,1976,1033,474
K221716,2902,1478,558
K221727,1800,945,468
K221733,1896,909,461
K221738,1423,687,389
K221762,2050,1005,482
K221772,1749,944,452
K221868,2380,1193,466
K221892,2279,1142,546
K221921,2729,1601,570
K221923,1543,749,426
K221962,1628,781,438
K222036,2687,1350,548
K222070,4349,2561,882
K222076,2158,1113,484
K222172,1785,826,487
K222174,1988,1058,506
K222176,3312,2008,544
K222179,2227,1091,487
K222268,2077,993,466
K222275,1625,803,433
K222277,2708,1425,601
K222312,3997,2324,967
K222329,2564,1314,557
K222360,2830,1519,598
K222361,2443,1260,606
K222389,1773,850,450
K222406,3507,1797,690
K222428,3310,1782,640
K222458,2167,1109,486
K222579,2361,1282,518
K222593,2861,1661,602
K222676,1786,849,394
K222692,2308,1197,547
K222728,5393,3076,794
K222745,2553,1292,468
K222746,2821,1551,591
K222755,3377,1887,708
K222803,2775,1550,603
K222819,2478,1369,563
K222884,3093,1687,579
K222921,1857,962,424
K222970,1507,734,398
K223028,2753,1452,580
K223032,1882,871,426
K223042,2334,1129,401
K223073,1910,957,479
K223106,2943,1617,612
K223133,2339,1236,530
K223180,1887,943,497
K223212,1663,817,423
K223240,2084,1010,476
K223247,1479,706,410
K223268,1740,924,458
K223287,1748,835,448
K223288,2742,1563,606
K223296,2326,1245,473
K223311,4319,2346,858
K223325,2040,1036,499
K223343,2782,1427,613
K223347,3601,1968,687
K223357,3369,1964,629
K223387,3066,1651,656
K223396,1659,797,401
K223424,1938,1031,455
K223426,3412,1978,683
K223439,1621,778,395
K223442,2442,1236,478
K223443,2655,1374,471
K223458,2601,1369,527
K223473,2919,1735,661
K223490,2117,1082,480
K223491,2387,1323,540
K223501,2969,1487,679
K223502,2197,1191,505
K223504,3452,1825,668
K223514,1792,905,437
K223516,2119,1193,509
K223523,1611,807,430
K223539,2233,1167,559
K223552,2369,1318,506
K223553,1683,897,433
K223556,2500,1272,556
K223621,1820,1052,466
K223622,2850,1598,686
K223623,1386,654,381
K223630,1614,772,389
K223639,2603,1447,575
K223646,2509,1394,577
K223659,1740,842,435
K223724,2687,1372,607
K223726,1791,929,442
K223734,2156,1113,535
K223738,2692,1292,540
K223754,3260,1790,644
K223757,2145,1062,513
K223771,2819,1501,640
K223774,2451,1369,528
K223811,2108,1144,501
K223830,3254,1941,685
K223855,2802,1520,529
K223864,2441,1379,588
K223905,1995,1077,529
K230020,2700,1426,585
K230023,6920,4199,1029
K230039,2665,1309,553
K230045,2636,1452,610
K230074,2826,1530,532
K230082,2318,1252,553
K230084,2528,1439,569
K230085,2207,1168,511
K230096,2419,1309,514
K230112,1807,929,416
K230144,2093,1033,490
K230150,1357,614,365
K230179,2542,1404,768
K230197,2159,1052,507
K230208,1611,784,444
K230209,2405,1309,632
K230220,3194,1737,671
K230223,2318,1182,475
K230252,1604,810,420
K230264,1567,745,408
K230273,2322,1231,546
K230292,2540,1453,569
K230337,2016,974,495
K230346,2203,1223,625
K230355,3232,1901,757
K230365,2371,1277,512
K230370,2886,1702,649
K230497,1507,741,429
K230534,2368,1182,517
K230552,2114,1085,481
K230553,1605,798,415
K230575,2152,1115,450
K230658,2413,1300,490
K230685,3686,2257,782
K230751,3808,2418,784
K230772,1699,837,435
K230807,1855,963,468
K230812,3486,1985,690
K230823,2136,1091,449
K230842,2760,1510,579
K230850,2860,1508,574
K230854,1952,944,492
K230899,2854,1525,524
K230913,1914,928,501
K230977,1416,647,371
K231001,2836,1551,590
K231010,2565,1287,609
K231025,1986,1005,461
K231038,1643,803,379
K231068,5387,2983,750
K231094,2249,1089,491
K231130,2675,1492,608
K231143,2330,1171,532
K231149,2009,1019,419
K231157,3975,2303,825
K231173,1998,917,459
K231190,1737,827,411
K231195,3402,1848,620
K231207,2109,1164,587
K231281,1642,814,406
K231324,2753,1424,644
K231335,2008,1107,515
K231355,2856,1609,597
K231384,2029,953,456
K231396,1978,994,490
K231398,2393,1106,527
K231459,3785,2272,691
K231470,2260,1207,517
K231560,3303,1783,694
K231570,2448,1215,542
K231572,1826,893,434
K231587,3196,1662,756
K231617,3029,1542,579
K231631,2662,1353,576
K231642,1727,830,410
K231668,1542,746,389
K231677,2482,1276,591
K231678,1634,812,387
K231683,2233,1103,554
K231690,2334,1175,531
K231748,2312,1219,522
K231757,1791,919,463
K231764,2754,1561,594
K231765,3441,1942,744
K231767,1973,932,443
K231772,2272,1171,574
K231779,2941,1545,535
K231805,2187,1132,489
K231833,1996,1070,461
K231837,3634,1926,699
K231855,2682,1391,542
K231871,2974,1569,546
K231898,2617,1376,588
K231917,2371,1134,495
K231928,3088,1837,655
K231929,4119,2310,729
K231955,1576,728,393
K231965,3877,2207,851
K231966,2385,1233,562
K231989,2385,1246,541
K232000,2619,1345,650
K232023,2284,1075,550
K232035,2349,1176,525
K232045,5378,3309,753
K232083,2262,1121,497
K232096,2671,1389,614
K232140,3182,1741,665
K232145,4391,2603,711
K232148,4580,2511,876
K232156,3667,2045,736
K232231,2194,1103,510
K232237,3827,2091,674
K232250,2436,1216,525
K232257,3939,1995,621
K232305,3962,2315,727
K232322,4300,2367,983
K232331,1604,764,418
K232363,2321,1194,458
K232367,910,368,266
K232381,2203,1153,543
K232384,3862,2134,678
K232410,2326,1140,543
K232412,2331,1127,511
K232416,4044,2791,700
K232431,1895,906,456
K232436,2581,1378,536
K232440,1970,905,460
K232479,8715,4972,1292
K232482,2016,986,437
K232491,4166,2191,931
K232494,2507,1193,496
K232496,4002,2216,659
K232500,3106,1550,624
K232501,1802,836,479
K232526,1523,708,363
K232535,2915,1505,689
K232613,3163,1598,577
K232616,2503,1433,522
K232661,2545,1373,524
K232686,3225,1723,643
K232698,3574,2052,710
K232699,2851,1605,648
K232704,2573,1422,522
K232712,2169,1091,518
K232751,2946,1506,589
K232760,1758,839,463
K232765,3180,1667,758
K232787,1754,936,376
K232799,2630,1446,553
K232808,2384,1240,527
K232835,2246,1191,517
K232841,2722,1410,566
K232856,3823,2002,777
K232899,4070,2298,765
K232915,3893,2165,683
K232923,2192,1089,575
K232928,3456,2033,733
K233030,2863,1373,573
K233080,2103,992,444
K233108,2781,1515,625
K233112,2482,1315,631
K233176,3584,1822,601
K233186,3545,1739,575
K233195,2111,1020,467
K233196,2918,1631,672
K233209,5230,2817,706
K233211,2906,1571,718
K233216,2334,1078,511
K233243,3450,1991,663
K233247,2460,1252,561
K233249,2309,1135,573
K233253,2196,1099,524
K233334,1781,885,456
K233342,3569,1942,696
K233409,2558,1364,573
K233438,3294,1769,722
K233457,3132,1583,657
K233512,2909,1598,586
K233543,2632,1322,532
K233545,1753,821,431
K233549,2334,1147,518
K233562,1717,825,429
K233568,2055,965,427
K233582,3545,2011,649
K233590,2282,1183,454
K233618,2717,1364,573
K233625,2010,1035,488
K233650,8387,5258,1092
K233657,6835,4156,1098
K233666,2736,1452,612
K233673,3243,1671,696
K233676,2159,1141,588
K233677,2048,1038,494
K233687,3585,1997,721
K233692,2061,1063,500
K233698,1864,909,448
K233728,1961,978,453
K233731,2907,1585,618
K233738,1761,828,404
K233749,1981,1007,485
K233753,3146,1715,638
K233755,2647,1408,559
K233788,3629,1975,614
K233822,2279,1171,498
K233826,1036,439,312
K233864,2756,1486,639
K233925,1539,644,348
K233955,3971,2026,709
K233964,2161,1054,522
K233968,3151,1524,617
K233977,2268,1077,505
K233984,1725,838,406
K233992,1713,854,409
K233998,3928,2212,686
K234009,3161,1713,508
K234042,2490,1280,608
K234047,1762,863,422
K234068,2589,1304,542
K234141,3036,1732,723
K234154,3508,1898,762
K240003,3342,1860,667
K240013,3511,1788,710
K240036,2911,1536,662
K240044,4639,2707,911
K240058,3526,1787,649
K240062,1886,937,485
K240094,3957,2001,769
K240172,2094,1033,442
K240200,5060,3009,836
K240238,3573,2075,792
K240285,2569,1356,561
K240290,3832,2106,787
K240291,2125,1094,497
K240294,3464,1887,733
K240301,2817,1578,592
K240353,2554,1346,611
K240369,2674,1368,502
K240398,9032,5273,1500
K240406,2906,1670,542
K240408,4078,2289,659
K240411,3699,1958,634
K240417,2458,1283,531
K240465,2857,1530,604
K240516,2699,1426,586
K240540,1755,807,399
K240553,1812,849,466
K240554,2468,1245,534
K240555,5277,2798,794
K240582,4446,2489,759
K240612,2896,1433,624
K240631,2542,1371,606
K240642,1942,942,485
K240645,2277,1207,561
K240680,3489,1981,694
K240697,4845,2676,773
K240704,3459,1998,580
K240712,5200,3035,942
K240736,1963,966,474
K240740,2792,1506,679
K240744,1860,869,413
K240769,1483,684,379
K240773,2915,1621,560
K240781,2311,1231,458
K240791,3329,1795,615
K240793,3277,1766,674
K240795,3853,2037,637
K240845,3016,1670,645
K240850,5149,2861,682
K240860,4313,2305,787
K240926,3232,1527,569
K240929,3300,1743,689
K240942,3178,1551,634
K240943,2075,1019,503
K240944,1669,785,459
K240953,2741,1345,661
K240980,4985,2944,850
K240993,13707,8309,1310
K241009,2056,1052,508
K241029,3166,1627,637
K241038,2541,1455,562
K241079,2809,1516,552
K241083,1651,741,413
K241098,2395,1266,588
K241108,3209,1787,696
K241112,2302,1125,481
K241121,1737,825,469
K241166,2800,1483,594
K241197,2246,1059,424
K241200,4063,2395,737
K241211,2665,1364,563
K241222,2956,1477,608
K241232,3581,2070,653
K241242,2064,1009,485
K241245,2746,1333,618
K241280,2325,1252,543
K241292,1594,761,407
K241312,2538,1303,554
K241329,2495,1309,593
K241331,2725,1537,699
K241350,1992,894,451
K241380,4479,2505,888
K241390,3689,2060,609
K241429,2730,1465,580
K241430,2443,1279,595
K241439,3479,1929,617
K241440,2912,1562,602
K241480,2500,1224,602
K241481,3112,1682,649
K241490,2736,1416,553
K241496,2200,1160,522
K241508,2338,1224,463
K241543,2138,1100,524
K241546,1769,784,422
K241561,3591,1985,693
K241582,3282,1830,625
K241585,2694,1413,623
K241593,2785,1426,582
K241596,2091,1001,494
K241620,3072,1656,625
K241633,2270,1218,535
K241659,5530,3225,901
K241665,2210,1133,530
K241671,2362,1220,614
K241676,7998,5342,1141
K241681,1612,725,370
K241684,2087,939,432
K241696,2347,1198,534
K241719,2944,1547,629
K241725,3901,2166,782
K241727,2799,1431,611
K241747,2339,1136,555
K241770,5086,2916,926
K241831,2896,1520,627
K241837,4981,3178,783
K241847,1742,835,430
K241887,2556,1315,590
K241891,3483,1873,748
K241922,2416,1231,513
K241923,2578,1292,587
K241949,2463,1341,596
K241960,3155,1798,599
K241961,1826,841,489
K241971,4061,2281,690
K241982,1834,867,513
K241984,2738,1523,617
K242005,2206,1217,587
K242020,2932,1494,504
K242054,1625,727,417
K242062,1715,795,462
K242094,2379,1149,551
K242123,3699,1994,757
K242129,3945,2172,672
K242130,7956,4709,1210
K242166,3680,2005,784
K242168,4090,2274,832
K242171,4244,2495,773
K242188,2686,1441,594
K242203,2709,1404,564
K242215,2152,1144,517
K242240,3008,1549,644
K242270,3084,1556,684
K242275,2439,1236,609
K242292,2672,1349,595
K242295,1735,811,440
K242300,1801,791,452
K242323,2424,1292,594
K242334,2020,980,467
K242338,2113,998,523
K242342,2706,1488,568
K242359,1592,691,414
K242362,2801,1398,577
K242388,2084,1186,447
K242403,2260,1166,505
K242437,4001,2265,741
K242444,3139,1693,614
K242447,3174,1726,656
K242461,2598,1290,552
K242467,2555,1309,574
K242480,2541,1239,540
K242488,3408,1895,756
K242500,2810,1496,653
K242511,4253,2334,674
K242522,2915,1569,681
K242523,3946,2298,687
K242551,3990,2065,738
K242583,4005,2087,793
K242594,2934,1652,742
K242600,2877,1589,661
K242607,2537,1411,604
K242624,5479,3080,683
K242652,2064,1060,436
K242683,3055,1700,641
K242729,3874,2366,835
K242737,4334,2266,709
K242745,3635,1979,697
K242748,3950,2265,778
K242781,5421,3230,795
K242798,2329,1204,512
K242800,5006,3218,1079
K242807,5281,2963,938
K242821,2721,1407,591
K242822,2458,1200,497
K242825,968,380,265
K242830,2506,1503,468
K242837,2967,1523,633
K242838,2851,1627,780
K242919,2832,1532,614
K242925,3625,1859,675
K242967,3359,1757,653
K242994,2792,1489,621
K243005,2137,1005,534
K243038,2326,1195,560
K243042,4292,2578,775
K243065,2373,1140,578
K243122,4033,2189,800
K243144,2481,1300,539
K243145,2161,1042,518
K243158,2919,1480,576
K243189,2715,1470,591
K243209,2279,1062,574
K243229,2664,1271,493
K243230,2679,1404,545
K243234,2829,1556,667
K243235,1823,854,449
K243239,2498,1311,617
K243250,3886,2110,805
K243253,2806,1520,652
K243268,2729,1570,618
K243292,2420,1221,557
K243294,5142,2873,865
K243331,1661,762,418
K243335,2633,1395,633
K243341,2814,1499,603
K243350,2954,1677,701
K243363,2661,1381,641
K243376,3410,1782,712
K243378,1932,914,463
K243397,5399,3057,966
K243446,2348,1173,571
K243449,3294,1778,708
K243481,3462,1919,585
K243523,9276,5994,1099
K243538,2130,1016,471
K243547,9542,5498,1232
K243548,2776,1474,604
K243558,2110,965,466
K243567,3420,1712,610
K243611,2869,1526,693
K243614,2735,1475,603
K243617,3206,1718,540
K243620,2071,1119,596
K243628,2037,1062,556
K243633,5767,3641,858
K243647,1859,889,480
K243651,2390,1215,598
K243657,3357,1945,736
K243667,2695,1504,714
K243672,2836,1498,640
K243679,3001,1583,636
K243681,2651,1391,645
K243684,2710,1332,539
K243685,3029,1576,639
K243687,2341,1176,475
K243688,2000,937,493
K243689,1945,936,474
K243696,1597,691,404
K243702,2394,1251,587
K243705,1618,717,415
K243743,5579,3110,913
K243762,2958,1549,632
K243769,2367,1232,551
K243779,2317,1125,489
K243793,4307,2515,693
K243794,4501,2623,663
K243808,2865,1546,522
K243810,2335,1141,538
K243812,2867,1588,687
K243831,2502,1314,607
K243851,3864,2106,727
K243853,4355,2253,758
K243859,3077,1484,607
K243862,2126,1001,508
K243863,1812,923,474
K243866,1896,915,456
K243878,3369,1986,757
K243884,3583,1926,655
K243891,1883,881,449
K243893,2520,1312,579
K243919,1768,822,387
K243933,2197,1050,455
K243937,2188,1092,578
K243950,1759,830,437
K243955,2535,1371,511
K243989,2476,1307,589
K244002,2195,1125,607
K244023,1799,903,464
K244027,1974,981,453
K250003,12810,8983,1662
K250005,2800,1546,617
K250023,2561,1345,545
K250035,2959,1632,712
K250042,3275,1561,560
K250064,2685,1422,591
K250086,3264,1822,670
K250087,2624,1419,612
K250096,6822,4009,1268
K250119,2428,1217,535
K250151,2798,1454,657
K250177,2665,1351,474
K250186,1667,812,455
K250221,4084,2268,693
K250226,4690,2499,822
K250236,2547,1381,661
K250237,2703,1373,564
K250246,4398,2426,849
K250248,2726,1436,605
K250255,2783,1525,606
K250264,1880,900,498
K250268,3748,2101,814
K250288,2460,1235,575
K250290,3160,1598,611
K250328,1812,757,393
K250330,3140,1652,622
K250337,3411,1873,755
K250354,2454,1282,493
K250367,2551,1242,540
K250369,3455,1743,681
K250370,2775,1409,574
K250379,1984,980,450
K250416,3106,1638,588
K250427,2710,1451,562
K250436,3373,1852,877
K250440,3217,1929,798
K250443,4375,2466,872
K250484,2896,1486,617
K250507,4006,2093,761
K250515,3007,1597,589
K250525,3622,2060,801
K250543,2000,1015,500
K250569,1739,817,391
K250649,3279,1779,661
K250650,3863,2287,662
K250652,2499,1267,476
K250660,3810,2176,646
K250662,3121,1525,540
K250670,2055,929,525
K250685,3293,1768,555
K250686,4914,2791,774
K250694,2349,1074,480
K250738,2838,1484,579
K250749,2440,1190,540
K250753,2599,1220,606
K250754,1014,417,293
K250755,1716,790,438
K250766,2192,1104,469
K250780,2228,1114,509
K250788,2765,1541,617
K250818,3125,1791,686
K250831,2510,1227,536
K250877,3361,1836,586
K250882,2515,1347,502
K250886,4548,2496,638
K250901,2917,1602,709
K250902,3286,1790,745
K250914,2251,1153,563
K250932,2353,1121,458
K250941,2371,1202,579
K250959,3266,2011,685
K250984,2391,1163,603
K250999,4492,2443,685
K251002,3208,1701,648
K251009,2149,1182,568
K251027,3317,1841,637
K251029,3882,2232,817
K251059,3095,1636,669
K251071,2431,1401,471
K251072,2322,1152,547
K251078,3186,1639,653
K251082,5014,3012,818
K251096,3092,1464,525
K251106,2885,1721,646
K251110,4145,2316,655
K251126,2706,1457,538
K251151,2399,1168,484
K251153,2407,1249,544
K251167,3534,1947,800
K251169,3452,2037,897
K251203,1648,724,414
K251221,2524,1262,531
K251276,2540,1369,650
K251293,2587,1432,634
K251316,3805,2342,769
K251322,3042,1710,687
K251342,2626,1450,700
K251355,2022,1003,487
K251368,5559,3198,982
K251370,2963,1563,603
K251386,3485,1945,692
K251397,2499,1232,506
K251399,2083,1047,461
K251406,2863,1466,621
K251408,3268,1778,627
K251416,3021,1537,640
K251455,3720,2042,599
K251456,2656,1304,532
K251481,2738,1568,527
K251483,2230,1153,517
K251494,3083,1651,572
K251506,2469,1285,547
K251514,2858,1518,621
K251518,2744,1542,596
K251527,1997,936,493
K251528,2741,1369,591
K251532,3672,2050,551
K251533,2331,1149,485
K251590,2794,1429,566
K251602,2394,1197,567
K251610,2363,1155,503
K251629,2277,1215,534
K251639,1992,979,499
K251651,2953,1599,482
K251656,1912,910,445
K251657,3216,1604,663
K251673,1988,923,516
K251682,3639,2128,812
K251747,3820,2080,654
K251763,2408,1199,505
K251766,2636,1406,556
K251822,3672,1838,688
K251837,3327,1878,740
K251839,4244,2426,840
K251873,2089,1001,511
K251931,3259,1885,611
K251936,3150,1569,637
K251963,3331,1848,744
K251983,4558,2635,685
K251985,3308,1830,729
K251987,2834,1657,594
K252007,2342,1146,614
K252029,3359,1974,667
K252041,2771,1424,560
K252054,2958,1525,640
K252074,2606,1334,610
K252086,2590,1399,607
K252103,4425,2552,744
K252105,1989,1019,550
K252178,2013,1067,488
K252204,2490,1274,591
K252214,1845,874,496
K252217,3039,1651,661
K252235,2466,1165,566
K252284,2586,1300,522
K252294,2661,1500,511
K252298,2180,1021,541
K252328,2648,1417,707
K252330,3895,2353,600
K252362,3033,1571,603
K252366,3286,1808,724
K252371,2273,1089,459
K252379,2608,1494,656
K252452,3397,1605,536
K252482,3204,1727,693
K252497,2417,1310,525
K252504,3211,1806,638
K252539,2779,1491,671
K252557,2971,1560,591
K252586,2693,1347,543
K252665,2619,1344,577
K252670,2591,1534,626
K252838,5893,3479,798
K252856,3704,1770,587
K252922,2466,1252,556
K253091,3884,1983,646
K253141,2436,1185,454
K253265,3128,1716,625
K253269,3988,2280,843
K253310,1935,969,494
K253489,2674,1432,611
K253516,1939,971,440
K253532,2773,1497,658
K253664,2693,1463,527
K955841,4943,3250,1137
P000041,1777,788,387
P010034,1749,818,400
P040028,1888,922,526
P090012,1771,873,453
P110014,1324,631,348
P140011_S008,1078,467,283
P150043,1058,461,287
P150046,1167,528,313
P160009,1097,488,294
P200003,1273,556,341
P210011,1288,587,354
P210015,1820,860,448
P230022,1790,796,420
